date_key,cost_center_key,business_unit_key,vendor_key,service_category,amount,project_key,notes
20220101,104002,BU03,VEN001,Network,20405.4,PRJ006,Cloud consumption allocation
20220101,104002,BU03,VEN002,Compute,64845.02,PRJ007,Cloud consumption allocation
20220101,104003,BU03,VEN001,Compute,71577.97,PRJ001,Cloud consumption allocation
20220101,104005,BU03,VEN002,Network,32246.91,PRJ006,Cloud consumption allocation
20220101,104018,BU06,VEN001,Storage,104029.68,PRJ007,Cloud consumption allocation
20220101,104018,BU06,VEN002,Compute,40936.84,PRJ004,Cloud consumption allocation
20220101,104019,BU03,VEN001,Analytics,33217.94,PRJ008,Cloud consumption allocation
20220101,104019,BU03,VEN002,Database,61667.62,PRJ004,Cloud consumption allocation
20220101,104022,BU03,VEN001,Analytics,76428.16,PRJ002,Cloud consumption allocation
20220101,104023,BU02,VEN001,Network,58770.41,PRJ003,Cloud consumption allocation
20220101,104023,BU02,VEN002,Network,52512.14,PRJ001,Cloud consumption allocation
20220101,104026,BU01,VEN002,Compute,47804.86,PRJ010,Cloud consumption allocation
20220101,104027,BU02,VEN001,Database,102459.3,PRJ009,Cloud consumption allocation
20220101,104027,BU02,VEN002,Storage,31061.45,PRJ007,Cloud consumption allocation
20220101,104034,BU03,VEN002,Database,44729.03,PRJ009,Cloud consumption allocation
20220101,109003,BU04,VEN001,Database,111025.17,PRJ001,Cloud consumption allocation
20220101,109003,BU04,VEN002,Analytics,45342.11,PRJ004,Cloud consumption allocation
20220101,120201,BU06,VEN001,Compute,136173.57,PRJ004,Cloud consumption allocation
20220101,120201,BU06,VEN002,Storage,23172.28,PRJ007,Cloud consumption allocation
20220201,104001,BU03,VEN002,Storage,57080.61,PRJ006,Cloud consumption allocation
20220201,104002,BU03,VEN002,Storage,33628.54,PRJ003,Cloud consumption allocation
20220201,104003,BU03,VEN001,Database,31427.38,PRJ003,Cloud consumption allocation
20220201,104003,BU03,VEN002,Analytics,22187.64,PRJ006,Cloud consumption allocation
20220201,104005,BU03,VEN001,Compute,114241.79,PRJ004,Cloud consumption allocation
20220201,104005,BU03,VEN002,Compute,36165.35,PRJ006,Cloud consumption allocation
20220201,104017,BU02,VEN002,Storage,89840.16,PRJ004,Cloud consumption allocation
20220201,104018,BU06,VEN001,Network,76210.2,PRJ006,Cloud consumption allocation
20220201,104018,BU06,VEN002,Database,60720.32,PRJ009,Cloud consumption allocation
20220201,104019,BU03,VEN001,Storage,86691.92,PRJ002,Cloud consumption allocation
20220201,104019,BU03,VEN002,Analytics,51084.23,PRJ006,Cloud consumption allocation
20220201,104023,BU02,VEN001,Database,89631.19,PRJ009,Cloud consumption allocation
20220201,104023,BU02,VEN002,Database,83762.14,PRJ006,Cloud consumption allocation
20220201,104026,BU01,VEN001,Compute,74906.87,PRJ004,Cloud consumption allocation
20220201,104027,BU02,VEN001,Database,89259.83,PRJ006,Cloud consumption allocation
20220201,104027,BU02,VEN002,Compute,58329.04,PRJ004,Cloud consumption allocation
20220201,104028,BU03,VEN002,Network,110984.1,PRJ010,Cloud consumption allocation
20220201,104034,BU03,VEN002,Network,67946.26,PRJ007,Cloud consumption allocation
20220201,109003,BU04,VEN001,Network,72752.36,PRJ006,Cloud consumption allocation
20220201,109003,BU04,VEN002,Compute,18739.59,PRJ007,Cloud consumption allocation
20220201,109004,BU04,VEN001,Network,107742.7,PRJ010,Cloud consumption allocation
20220201,110102,BU05,VEN001,Compute,95219.89,PRJ008,Cloud consumption allocation
20220201,110102,BU05,VEN002,Compute,94505.41,PRJ002,Cloud consumption allocation
20220201,120201,BU06,VEN001,Storage,68328.21,PRJ006,Cloud consumption allocation
20220201,120201,BU06,VEN002,Analytics,21770.78,PRJ003,Cloud consumption allocation
20220301,104017,BU02,VEN001,Compute,48938.38,PRJ005,Cloud consumption allocation
20220301,104018,BU06,VEN001,Network,36043.6,PRJ001,Cloud consumption allocation
20220301,104018,BU06,VEN002,Network,31176.07,PRJ005,Cloud consumption allocation
20220301,104019,BU03,VEN002,Network,50296.0,PRJ001,Cloud consumption allocation
20220301,104022,BU03,VEN001,Compute,62551.01,PRJ001,Cloud consumption allocation
20220301,104022,BU03,VEN002,Analytics,16470.84,PRJ004,Cloud consumption allocation
20220301,104023,BU02,VEN001,Storage,75633.85,PRJ006,Cloud consumption allocation
20220301,104023,BU02,VEN002,Compute,38748.9,PRJ006,Cloud consumption allocation
20220301,104027,BU02,VEN001,Storage,38543.56,PRJ010,Cloud consumption allocation
20220301,104027,BU02,VEN002,Analytics,76568.44,PRJ008,Cloud consumption allocation
20220301,104028,BU03,VEN002,Compute,39176.55,PRJ005,Cloud consumption allocation
20220301,109003,BU04,VEN001,Network,37001.54,PRJ003,Cloud consumption allocation
20220301,109003,BU04,VEN002,Storage,62324.02,PRJ010,Cloud consumption allocation
20220301,109004,BU04,VEN001,Compute,45751.8,PRJ001,Cloud consumption allocation
20220301,110101,BU05,VEN002,Storage,38924.82,PRJ001,Cloud consumption allocation
20220301,110102,BU05,VEN001,Network,57958.02,PRJ002,Cloud consumption allocation
20220301,110102,BU05,VEN002,Analytics,93878.18,PRJ001,Cloud consumption allocation
20220301,120201,BU06,VEN001,Database,70444.25,PRJ009,Cloud consumption allocation
20220301,120201,BU06,VEN002,Network,28819.41,PRJ009,Cloud consumption allocation
20220401,104002,BU03,VEN002,Compute,101751.22,PRJ002,Cloud consumption allocation
20220401,104003,BU03,VEN001,Analytics,15805.57,PRJ009,Cloud consumption allocation
20220401,104003,BU03,VEN002,Database,101501.54,PRJ006,Cloud consumption allocation
20220401,104017,BU02,VEN002,Network,75936.72,PRJ007,Cloud consumption allocation
20220401,104018,BU06,VEN001,Storage,69493.26,PRJ009,Cloud consumption allocation
20220401,104018,BU06,VEN002,Analytics,107311.17,PRJ004,Cloud consumption allocation
20220401,104019,BU03,VEN001,Network,29705.91,PRJ007,Cloud consumption allocation
20220401,104022,BU03,VEN001,Compute,60419.97,PRJ004,Cloud consumption allocation
20220401,104023,BU02,VEN001,Network,66074.51,PRJ010,Cloud consumption allocation
20220401,104023,BU02,VEN002,Analytics,99706.76,PRJ002,Cloud consumption allocation
20220401,104026,BU01,VEN001,Storage,98553.83,PRJ003,Cloud consumption allocation
20220401,104027,BU02,VEN001,Database,39560.68,PRJ007,Cloud consumption allocation
20220401,104027,BU02,VEN002,Network,87830.68,PRJ005,Cloud consumption allocation
20220401,104034,BU03,VEN001,Database,70055.24,PRJ003,Cloud consumption allocation
20220401,109003,BU04,VEN001,Analytics,40357.39,PRJ004,Cloud consumption allocation
20220401,109003,BU04,VEN002,Network,50144.04,PRJ006,Cloud consumption allocation
20220401,110102,BU05,VEN001,Compute,79447.12,PRJ009,Cloud consumption allocation
20220401,120201,BU06,VEN001,Compute,61140.29,PRJ003,Cloud consumption allocation
20220401,120201,BU06,VEN002,Storage,80791.35,PRJ007,Cloud consumption allocation
20220501,104002,BU03,VEN001,Storage,71872.35,PRJ010,Cloud consumption allocation
20220501,104002,BU03,VEN002,Compute,93112.63,PRJ004,Cloud consumption allocation
20220501,104005,BU03,VEN001,Compute,80633.98,PRJ001,Cloud consumption allocation
20220501,104017,BU02,VEN001,Compute,55853.98,PRJ001,Cloud consumption allocation
20220501,104018,BU06,VEN001,Network,49674.29,PRJ009,Cloud consumption allocation
20220501,104018,BU06,VEN002,Storage,89019.28,PRJ002,Cloud consumption allocation
20220501,104019,BU03,VEN001,Network,90711.58,PRJ005,Cloud consumption allocation
20220501,104019,BU03,VEN002,Storage,98626.45,PRJ009,Cloud consumption allocation
20220501,104022,BU03,VEN001,Database,99004.72,PRJ010,Cloud consumption allocation
20220501,104023,BU02,VEN001,Database,61943.92,PRJ006,Cloud consumption allocation
20220501,104023,BU02,VEN002,Network,49458.44,PRJ005,Cloud consumption allocation
20220501,104026,BU01,VEN001,Database,32280.23,PRJ010,Cloud consumption allocation
20220501,104027,BU02,VEN001,Database,37816.14,PRJ009,Cloud consumption allocation
20220501,104027,BU02,VEN002,Analytics,19056.25,PRJ005,Cloud consumption allocation
20220501,104028,BU03,VEN001,Analytics,19411.1,PRJ004,Cloud consumption allocation
20220501,104034,BU03,VEN001,Network,117097.25,PRJ004,Cloud consumption allocation
20220501,109003,BU04,VEN001,Compute,80564.38,PRJ001,Cloud consumption allocation
20220501,109003,BU04,VEN002,Database,82310.98,PRJ008,Cloud consumption allocation
20220501,110101,BU05,VEN001,Storage,103244.81,PRJ003,Cloud consumption allocation
20220501,110102,BU05,VEN001,Database,56563.82,PRJ001,Cloud consumption allocation
20220501,120201,BU06,VEN001,Network,75779.68,PRJ006,Cloud consumption allocation
20220501,120201,BU06,VEN002,Analytics,36735.49,PRJ007,Cloud consumption allocation
20220601,104001,BU03,VEN001,Network,56315.41,PRJ006,Cloud consumption allocation
20220601,104002,BU03,VEN002,Analytics,62462.79,PRJ007,Cloud consumption allocation
20220601,104003,BU03,VEN002,Compute,77597.6,PRJ008,Cloud consumption allocation
20220601,104018,BU06,VEN001,Storage,64951.87,PRJ007,Cloud consumption allocation
20220601,104018,BU06,VEN002,Compute,52462.93,PRJ006,Cloud consumption allocation
20220601,104019,BU03,VEN001,Network,58396.62,PRJ009,Cloud consumption allocation
20220601,104019,BU03,VEN002,Network,109961.62,PRJ002,Cloud consumption allocation
20220601,104022,BU03,VEN002,Database,45539.39,PRJ009,Cloud consumption allocation
20220601,104023,BU02,VEN001,Analytics,58577.26,PRJ002,Cloud consumption allocation
20220601,104023,BU02,VEN002,Compute,93684.4,PRJ002,Cloud consumption allocation
20220601,104026,BU01,VEN001,Analytics,94141.65,PRJ007,Cloud consumption allocation
20220601,104027,BU02,VEN001,Compute,72328.57,PRJ002,Cloud consumption allocation
20220601,104027,BU02,VEN002,Analytics,20462.9,PRJ001,Cloud consumption allocation
20220601,104034,BU03,VEN002,Network,72972.03,PRJ008,Cloud consumption allocation
20220601,109003,BU04,VEN001,Compute,49421.32,PRJ004,Cloud consumption allocation
20220601,109003,BU04,VEN002,Compute,66425.16,PRJ006,Cloud consumption allocation
20220601,110101,BU05,VEN001,Storage,56466.76,PRJ001,Cloud consumption allocation
20220601,110101,BU05,VEN002,Storage,26537.13,PRJ010,Cloud consumption allocation
20220601,120201,BU06,VEN001,Network,32593.53,PRJ008,Cloud consumption allocation
20220601,120201,BU06,VEN002,Network,38157.53,PRJ009,Cloud consumption allocation
20220701,104001,BU03,VEN002,Network,105372.07,PRJ007,Cloud consumption allocation
20220701,104002,BU03,VEN001,Database,68860.89,PRJ009,Cloud consumption allocation
20220701,104003,BU03,VEN002,Analytics,79058.87,PRJ001,Cloud consumption allocation
20220701,104017,BU02,VEN002,Analytics,97923.81,PRJ004,Cloud consumption allocation
20220701,104018,BU06,VEN001,Database,35643.23,PRJ007,Cloud consumption allocation
20220701,104018,BU06,VEN002,Compute,43539.97,PRJ008,Cloud consumption allocation
20220701,104019,BU03,VEN001,Storage,30824.87,PRJ007,Cloud consumption allocation
20220701,104023,BU02,VEN001,Analytics,64467.61,PRJ010,Cloud consumption allocation
20220701,104023,BU02,VEN002,Database,42453.09,PRJ004,Cloud consumption allocation
20220701,104027,BU02,VEN001,Network,69019.21,PRJ002,Cloud consumption allocation
20220701,104027,BU02,VEN002,Compute,24227.06,PRJ007,Cloud consumption allocation
20220701,104028,BU03,VEN002,Analytics,77989.76,PRJ010,Cloud consumption allocation
20220701,104034,BU03,VEN002,Analytics,42470.53,PRJ005,Cloud consumption allocation
20220701,109003,BU04,VEN001,Storage,130192.91,PRJ010,Cloud consumption allocation
20220701,109003,BU04,VEN002,Analytics,60778.33,PRJ003,Cloud consumption allocation
20220701,110101,BU05,VEN001,Network,40367.39,PRJ002,Cloud consumption allocation
20220701,110101,BU05,VEN002,Storage,49229.67,PRJ002,Cloud consumption allocation
20220701,120201,BU06,VEN001,Network,13822.53,PRJ007,Cloud consumption allocation
20220701,120201,BU06,VEN002,Storage,46200.24,PRJ001,Cloud consumption allocation
20220801,104002,BU03,VEN001,Compute,77039.95,PRJ001,Cloud consumption allocation
20220801,104005,BU03,VEN001,Network,53604.74,PRJ006,Cloud consumption allocation
20220801,104018,BU06,VEN001,Database,73227.93,PRJ005,Cloud consumption allocation
20220801,104018,BU06,VEN002,Database,65473.31,PRJ001,Cloud consumption allocation
20220801,104022,BU03,VEN001,Network,67190.97,PRJ007,Cloud consumption allocation
20220801,104023,BU02,VEN001,Network,46405.85,PRJ006,Cloud consumption allocation
20220801,104023,BU02,VEN002,Storage,61486.74,PRJ008,Cloud consumption allocation
20220801,104027,BU02,VEN001,Network,100194.12,PRJ009,Cloud consumption allocation
20220801,104027,BU02,VEN002,Compute,54470.76,PRJ001,Cloud consumption allocation
20220801,104028,BU03,VEN002,Storage,79841.6,PRJ007,Cloud consumption allocation
20220801,104034,BU03,VEN001,Storage,48183.42,PRJ009,Cloud consumption allocation
20220801,104034,BU03,VEN002,Compute,73865.64,PRJ007,Cloud consumption allocation
20220801,109003,BU04,VEN001,Compute,92313.39,PRJ004,Cloud consumption allocation
20220801,109003,BU04,VEN002,Compute,68265.95,PRJ009,Cloud consumption allocation
20220801,109004,BU04,VEN001,Database,68697.52,PRJ004,Cloud consumption allocation
20220801,110101,BU05,VEN001,Database,49691.24,PRJ005,Cloud consumption allocation
20220801,110101,BU05,VEN002,Analytics,76891.69,PRJ008,Cloud consumption allocation
20220801,120201,BU06,VEN001,Database,100507.49,PRJ007,Cloud consumption allocation
20220801,120201,BU06,VEN002,Compute,12766.69,PRJ005,Cloud consumption allocation
20220901,104002,BU03,VEN001,Analytics,29303.6,PRJ010,Cloud consumption allocation
20220901,104003,BU03,VEN002,Analytics,98732.33,PRJ010,Cloud consumption allocation
20220901,104005,BU03,VEN002,Network,88019.32,PRJ010,Cloud consumption allocation
20220901,104018,BU06,VEN001,Storage,110197.88,PRJ005,Cloud consumption allocation
20220901,104018,BU06,VEN002,Network,83510.65,PRJ003,Cloud consumption allocation
20220901,104019,BU03,VEN001,Network,42659.05,PRJ004,Cloud consumption allocation
20220901,104019,BU03,VEN002,Analytics,83353.65,PRJ001,Cloud consumption allocation
20220901,104022,BU03,VEN002,Database,54619.51,PRJ009,Cloud consumption allocation
20220901,104023,BU02,VEN001,Storage,45875.74,PRJ007,Cloud consumption allocation
20220901,104023,BU02,VEN002,Network,47731.81,PRJ010,Cloud consumption allocation
20220901,104027,BU02,VEN001,Database,47691.68,PRJ008,Cloud consumption allocation
20220901,104027,BU02,VEN002,Analytics,86500.38,PRJ007,Cloud consumption allocation
20220901,104034,BU03,VEN001,Storage,112368.05,PRJ005,Cloud consumption allocation
20220901,104034,BU03,VEN002,Analytics,99407.28,PRJ005,Cloud consumption allocation
20220901,109003,BU04,VEN001,Analytics,96557.08,PRJ006,Cloud consumption allocation
20220901,109003,BU04,VEN002,Network,80045.1,PRJ010,Cloud consumption allocation
20220901,109004,BU04,VEN001,Storage,84504.35,PRJ002,Cloud consumption allocation
20220901,109004,BU04,VEN002,Database,83854.41,PRJ007,Cloud consumption allocation
20220901,110101,BU05,VEN002,Network,26532.69,PRJ003,Cloud consumption allocation
20220901,110102,BU05,VEN001,Network,93607.33,PRJ001,Cloud consumption allocation
20220901,120201,BU06,VEN001,Network,83056.25,PRJ009,Cloud consumption allocation
20220901,120201,BU06,VEN002,Compute,71298.92,PRJ004,Cloud consumption allocation
20221001,104001,BU03,VEN001,Storage,22217.12,PRJ008,Cloud consumption allocation
20221001,104002,BU03,VEN001,Analytics,30121.81,PRJ004,Cloud consumption allocation
20221001,104003,BU03,VEN001,Network,72573.69,PRJ001,Cloud consumption allocation
20221001,104003,BU03,VEN002,Database,88261.55,PRJ003,Cloud consumption allocation
20221001,104017,BU02,VEN002,Storage,53392.79,PRJ007,Cloud consumption allocation
20221001,104018,BU06,VEN001,Analytics,127128.91,PRJ001,Cloud consumption allocation
20221001,104018,BU06,VEN002,Database,37795.97,PRJ007,Cloud consumption allocation
20221001,104019,BU03,VEN001,Storage,49343.59,PRJ001,Cloud consumption allocation
20221001,104019,BU03,VEN002,Storage,71867.88,PRJ005,Cloud consumption allocation
20221001,104022,BU03,VEN001,Compute,27308.11,PRJ002,Cloud consumption allocation
20221001,104023,BU02,VEN001,Database,24499.34,PRJ009,Cloud consumption allocation
20221001,104023,BU02,VEN002,Storage,69657.46,PRJ008,Cloud consumption allocation
20221001,104027,BU02,VEN001,Network,93558.23,PRJ009,Cloud consumption allocation
20221001,104027,BU02,VEN002,Database,53239.28,PRJ008,Cloud consumption allocation
20221001,104028,BU03,VEN002,Database,77565.84,PRJ006,Cloud consumption allocation
20221001,109003,BU04,VEN001,Storage,67438.33,PRJ001,Cloud consumption allocation
20221001,109003,BU04,VEN002,Analytics,28860.84,PRJ002,Cloud consumption allocation
20221001,120201,BU06,VEN001,Storage,81898.59,PRJ009,Cloud consumption allocation
20221001,120201,BU06,VEN002,Analytics,83978.21,PRJ010,Cloud consumption allocation
20221101,104002,BU03,VEN001,Storage,81076.69,PRJ004,Cloud consumption allocation
20221101,104005,BU03,VEN001,Compute,34560.46,PRJ005,Cloud consumption allocation
20221101,104018,BU06,VEN001,Analytics,55772.57,PRJ009,Cloud consumption allocation
20221101,104018,BU06,VEN002,Database,58075.55,PRJ008,Cloud consumption allocation
20221101,104019,BU03,VEN001,Storage,41539.67,PRJ005,Cloud consumption allocation
20221101,104022,BU03,VEN001,Storage,139514.06,PRJ004,Cloud consumption allocation
20221101,104022,BU03,VEN002,Compute,78709.45,PRJ003,Cloud consumption allocation
20221101,104023,BU02,VEN001,Network,97313.44,PRJ009,Cloud consumption allocation
20221101,104023,BU02,VEN002,Storage,91527.92,PRJ007,Cloud consumption allocation
20221101,104027,BU02,VEN001,Compute,111015.21,PRJ003,Cloud consumption allocation
20221101,104027,BU02,VEN002,Database,118050.03,PRJ001,Cloud consumption allocation
20221101,104028,BU03,VEN001,Network,29243.73,PRJ006,Cloud consumption allocation
20221101,104028,BU03,VEN002,Database,100166.54,PRJ005,Cloud consumption allocation
20221101,104034,BU03,VEN001,Storage,45315.87,PRJ010,Cloud consumption allocation
20221101,104034,BU03,VEN002,Analytics,119545.5,PRJ004,Cloud consumption allocation
20221101,109003,BU04,VEN001,Analytics,76669.9,PRJ001,Cloud consumption allocation
20221101,109003,BU04,VEN002,Database,67056.55,PRJ005,Cloud consumption allocation
20221101,110101,BU05,VEN001,Analytics,143052.18,PRJ010,Cloud consumption allocation
20221101,110101,BU05,VEN002,Database,45008.42,PRJ005,Cloud consumption allocation
20221101,110102,BU05,VEN001,Compute,29451.21,PRJ009,Cloud consumption allocation
20221101,120201,BU06,VEN001,Analytics,49973.8,PRJ006,Cloud consumption allocation
20221101,120201,BU06,VEN002,Network,24802.68,PRJ008,Cloud consumption allocation
20221201,104001,BU03,VEN001,Database,62453.21,PRJ004,Cloud consumption allocation
20221201,104001,BU03,VEN002,Storage,50138.16,PRJ006,Cloud consumption allocation
20221201,104002,BU03,VEN002,Network,98790.02,PRJ001,Cloud consumption allocation
20221201,104003,BU03,VEN001,Network,89236.37,PRJ003,Cloud consumption allocation
20221201,104017,BU02,VEN001,Compute,113231.04,PRJ001,Cloud consumption allocation
20221201,104017,BU02,VEN002,Network,103367.98,PRJ007,Cloud consumption allocation
20221201,104018,BU06,VEN001,Network,91768.46,PRJ004,Cloud consumption allocation
20221201,104018,BU06,VEN002,Database,38894.21,PRJ005,Cloud consumption allocation
20221201,104022,BU03,VEN002,Storage,30933.28,PRJ010,Cloud consumption allocation
20221201,104023,BU02,VEN001,Compute,88706.9,PRJ004,Cloud consumption allocation
20221201,104023,BU02,VEN002,Compute,83245.53,PRJ009,Cloud consumption allocation
20221201,104026,BU01,VEN002,Database,120567.32,PRJ007,Cloud consumption allocation
20221201,104027,BU02,VEN001,Network,78822.04,PRJ007,Cloud consumption allocation
20221201,104027,BU02,VEN002,Analytics,70937.31,PRJ007,Cloud consumption allocation
20221201,104028,BU03,VEN001,Storage,87590.98,PRJ007,Cloud consumption allocation
20221201,109003,BU04,VEN001,Compute,26379.57,PRJ003,Cloud consumption allocation
20221201,109003,BU04,VEN002,Compute,94424.32,PRJ001,Cloud consumption allocation
20221201,110102,BU05,VEN001,Compute,126426.35,PRJ004,Cloud consumption allocation
20221201,120201,BU06,VEN001,Network,120997.79,PRJ001,Cloud consumption allocation
20221201,120201,BU06,VEN002,Storage,78394.26,PRJ010,Cloud consumption allocation
20230101,104002,BU03,VEN002,Network,34358.68,PRJ009,Cloud consumption allocation
20230101,104005,BU03,VEN001,Compute,140165.6,PRJ001,Cloud consumption allocation
20230101,104018,BU06,VEN001,Analytics,125016.87,PRJ009,Cloud consumption allocation
20230101,104018,BU06,VEN002,Analytics,132369.79,PRJ006,Cloud consumption allocation
20230101,104019,BU03,VEN002,Storage,131330.83,PRJ009,Cloud consumption allocation
20230101,104023,BU02,VEN001,Analytics,35247.4,PRJ009,Cloud consumption allocation
20230101,104023,BU02,VEN002,Storage,77906.57,PRJ004,Cloud consumption allocation
20230101,104026,BU01,VEN001,Network,112128.9,PRJ009,Cloud consumption allocation
20230101,104026,BU01,VEN002,Network,55924.43,PRJ002,Cloud consumption allocation
20230101,104027,BU02,VEN001,Network,112762.17,PRJ008,Cloud consumption allocation
20230101,104027,BU02,VEN002,Network,92578.5,PRJ010,Cloud consumption allocation
20230101,109003,BU04,VEN001,Compute,26012.06,PRJ001,Cloud consumption allocation
20230101,109003,BU04,VEN002,Analytics,99104.99,PRJ003,Cloud consumption allocation
20230101,109004,BU04,VEN001,Network,86152.17,PRJ005,Cloud consumption allocation
20230101,110101,BU05,VEN001,Storage,85443.69,PRJ003,Cloud consumption allocation
20230101,110101,BU05,VEN002,Analytics,107192.12,PRJ001,Cloud consumption allocation
20230101,110102,BU05,VEN001,Storage,146659.98,PRJ010,Cloud consumption allocation
20230101,110102,BU05,VEN002,Analytics,72797.33,PRJ006,Cloud consumption allocation
20230101,120201,BU06,VEN001,Network,21285.04,PRJ010,Cloud consumption allocation
20230101,120201,BU06,VEN002,Compute,91200.85,PRJ001,Cloud consumption allocation
20230201,104001,BU03,VEN001,Network,26474.68,PRJ007,Cloud consumption allocation
20230201,104002,BU03,VEN001,Database,131212.07,PRJ004,Cloud consumption allocation
20230201,104003,BU03,VEN001,Compute,108480.64,PRJ003,Cloud consumption allocation
20230201,104018,BU06,VEN001,Database,62181.88,PRJ008,Cloud consumption allocation
20230201,104018,BU06,VEN002,Compute,130129.07,PRJ001,Cloud consumption allocation
20230201,104019,BU03,VEN001,Network,67118.4,PRJ001,Cloud consumption allocation
20230201,104023,BU02,VEN001,Database,95187.15,PRJ009,Cloud consumption allocation
20230201,104023,BU02,VEN002,Storage,125417.83,PRJ005,Cloud consumption allocation
20230201,104027,BU02,VEN001,Database,66402.89,PRJ001,Cloud consumption allocation
20230201,104027,BU02,VEN002,Storage,20285.28,PRJ009,Cloud consumption allocation
20230201,104034,BU03,VEN002,Compute,45133.98,PRJ005,Cloud consumption allocation
20230201,109003,BU04,VEN001,Compute,21771.77,PRJ009,Cloud consumption allocation
20230201,109003,BU04,VEN002,Network,160108.3,PRJ009,Cloud consumption allocation
20230201,110102,BU05,VEN001,Database,82699.88,PRJ001,Cloud consumption allocation
20230201,120201,BU06,VEN001,Compute,70995.39,PRJ005,Cloud consumption allocation
20230201,120201,BU06,VEN002,Analytics,88734.43,PRJ006,Cloud consumption allocation
20230301,104003,BU03,VEN002,Network,93929.15,PRJ004,Cloud consumption allocation
20230301,104017,BU02,VEN001,Network,105039.45,PRJ010,Cloud consumption allocation
20230301,104018,BU06,VEN001,Database,52320.09,PRJ003,Cloud consumption allocation
20230301,104018,BU06,VEN002,Compute,48975.52,PRJ006,Cloud consumption allocation
20230301,104019,BU03,VEN002,Compute,92580.13,PRJ006,Cloud consumption allocation
20230301,104023,BU02,VEN001,Storage,142673.09,PRJ010,Cloud consumption allocation
20230301,104023,BU02,VEN002,Analytics,44442.3,PRJ008,Cloud consumption allocation
20230301,104027,BU02,VEN001,Analytics,81267.37,PRJ005,Cloud consumption allocation
20230301,104027,BU02,VEN002,Compute,78907.88,PRJ010,Cloud consumption allocation
20230301,104028,BU03,VEN001,Network,21324.25,PRJ007,Cloud consumption allocation
20230301,109003,BU04,VEN001,Network,42233.4,PRJ003,Cloud consumption allocation
20230301,109003,BU04,VEN002,Database,113246.21,PRJ008,Cloud consumption allocation
20230301,109004,BU04,VEN002,Analytics,91300.79,PRJ007,Cloud consumption allocation
20230301,110101,BU05,VEN001,Compute,72323.08,PRJ001,Cloud consumption allocation
20230301,110102,BU05,VEN001,Storage,114407.53,PRJ009,Cloud consumption allocation
20230301,120201,BU06,VEN001,Compute,83302.35,PRJ001,Cloud consumption allocation
20230301,120201,BU06,VEN002,Compute,35283.45,PRJ003,Cloud consumption allocation
20230401,104001,BU03,VEN001,Network,89002.85,PRJ009,Cloud consumption allocation
20230401,104001,BU03,VEN002,Network,164242.32,PRJ004,Cloud consumption allocation
20230401,104002,BU03,VEN001,Database,42953.2,PRJ003,Cloud consumption allocation
20230401,104017,BU02,VEN002,Storage,58210.61,PRJ005,Cloud consumption allocation
20230401,104018,BU06,VEN001,Compute,72238.05,PRJ007,Cloud consumption allocation
20230401,104018,BU06,VEN002,Storage,48755.62,PRJ003,Cloud consumption allocation
20230401,104019,BU03,VEN001,Database,52553.48,PRJ008,Cloud consumption allocation
20230401,104019,BU03,VEN002,Analytics,128386.13,PRJ008,Cloud consumption allocation
20230401,104022,BU03,VEN001,Database,43781.06,PRJ001,Cloud consumption allocation
20230401,104023,BU02,VEN001,Database,82215.79,PRJ010,Cloud consumption allocation
20230401,104023,BU02,VEN002,Database,88464.59,PRJ010,Cloud consumption allocation
20230401,104027,BU02,VEN001,Storage,70100.19,PRJ009,Cloud consumption allocation
20230401,104027,BU02,VEN002,Compute,23940.01,PRJ007,Cloud consumption allocation
20230401,104028,BU03,VEN002,Storage,81285.43,PRJ002,Cloud consumption allocation
20230401,104034,BU03,VEN001,Database,125257.71,PRJ006,Cloud consumption allocation
20230401,109003,BU04,VEN001,Compute,114417.36,PRJ009,Cloud consumption allocation
20230401,109003,BU04,VEN002,Storage,60987.23,PRJ007,Cloud consumption allocation
20230401,110101,BU05,VEN002,Storage,21773.74,PRJ007,Cloud consumption allocation
20230401,110102,BU05,VEN002,Storage,135901.67,PRJ006,Cloud consumption allocation
20230401,120201,BU06,VEN001,Compute,129982.24,PRJ002,Cloud consumption allocation
20230401,120201,BU06,VEN002,Storage,25984.56,PRJ007,Cloud consumption allocation
20230501,104001,BU03,VEN002,Storage,126801.55,PRJ002,Cloud consumption allocation
20230501,104002,BU03,VEN002,Compute,53474.13,PRJ001,Cloud consumption allocation
20230501,104017,BU02,VEN002,Storage,80270.84,PRJ002,Cloud consumption allocation
20230501,104018,BU06,VEN001,Network,70101.69,PRJ010,Cloud consumption allocation
20230501,104018,BU06,VEN002,Analytics,136748.35,PRJ008,Cloud consumption allocation
20230501,104019,BU03,VEN001,Network,168520.23,PRJ005,Cloud consumption allocation
20230501,104022,BU03,VEN002,Network,50335.14,PRJ003,Cloud consumption allocation
20230501,104023,BU02,VEN001,Storage,156146.46,PRJ003,Cloud consumption allocation
20230501,104023,BU02,VEN002,Network,94020.86,PRJ002,Cloud consumption allocation
20230501,104027,BU02,VEN001,Analytics,110134.83,PRJ010,Cloud consumption allocation
20230501,104027,BU02,VEN002,Network,111150.23,PRJ005,Cloud consumption allocation
20230501,104028,BU03,VEN001,Compute,85619.61,PRJ006,Cloud consumption allocation
20230501,104028,BU03,VEN002,Storage,137853.03,PRJ009,Cloud consumption allocation
20230501,104034,BU03,VEN001,Analytics,100508.35,PRJ005,Cloud consumption allocation
20230501,104034,BU03,VEN002,Database,29562.98,PRJ002,Cloud consumption allocation
20230501,109003,BU04,VEN001,Compute,99065.35,PRJ006,Cloud consumption allocation
20230501,109003,BU04,VEN002,Network,127892.68,PRJ006,Cloud consumption allocation
20230501,120201,BU06,VEN001,Compute,57693.25,PRJ007,Cloud consumption allocation
20230501,120201,BU06,VEN002,Database,120954.32,PRJ002,Cloud consumption allocation
20230601,104001,BU03,VEN001,Compute,45801.41,PRJ006,Cloud consumption allocation
20230601,104002,BU03,VEN001,Compute,39993.87,PRJ002,Cloud consumption allocation
20230601,104003,BU03,VEN001,Storage,55795.2,PRJ001,Cloud consumption allocation
20230601,104005,BU03,VEN002,Database,57061.54,PRJ007,Cloud consumption allocation
20230601,104017,BU02,VEN001,Storage,33927.27,PRJ004,Cloud consumption allocation
20230601,104018,BU06,VEN001,Storage,33768.77,PRJ009,Cloud consumption allocation
20230601,104018,BU06,VEN002,Analytics,67153.62,PRJ003,Cloud consumption allocation
20230601,104022,BU03,VEN002,Storage,92160.68,PRJ001,Cloud consumption allocation
20230601,104023,BU02,VEN001,Network,109990.93,PRJ010,Cloud consumption allocation
20230601,104023,BU02,VEN002,Network,56134.76,PRJ009,Cloud consumption allocation
20230601,104026,BU01,VEN001,Database,120853.37,PRJ009,Cloud consumption allocation
20230601,104027,BU02,VEN001,Storage,130367.86,PRJ002,Cloud consumption allocation
20230601,104027,BU02,VEN002,Analytics,116605.07,PRJ009,Cloud consumption allocation
20230601,104028,BU03,VEN002,Storage,121393.14,PRJ009,Cloud consumption allocation
20230601,104034,BU03,VEN001,Database,143922.97,PRJ005,Cloud consumption allocation
20230601,104034,BU03,VEN002,Network,38379.01,PRJ004,Cloud consumption allocation
20230601,109003,BU04,VEN001,Network,26073.3,PRJ001,Cloud consumption allocation
20230601,109003,BU04,VEN002,Storage,61954.87,PRJ006,Cloud consumption allocation
20230601,109004,BU04,VEN002,Database,114999.68,PRJ003,Cloud consumption allocation
20230601,120201,BU06,VEN001,Network,33247.88,PRJ007,Cloud consumption allocation
20230601,120201,BU06,VEN002,Network,86785.15,PRJ010,Cloud consumption allocation
20230701,104002,BU03,VEN002,Storage,115808.37,PRJ006,Cloud consumption allocation
20230701,104017,BU02,VEN001,Analytics,20918.43,PRJ007,Cloud consumption allocation
20230701,104018,BU06,VEN001,Compute,98017.29,PRJ001,Cloud consumption allocation
20230701,104018,BU06,VEN002,Database,25548.7,PRJ010,Cloud consumption allocation
20230701,104023,BU02,VEN001,Storage,136966.16,PRJ004,Cloud consumption allocation
20230701,104023,BU02,VEN002,Network,107042.41,PRJ004,Cloud consumption allocation
20230701,104026,BU01,VEN002,Database,45899.57,PRJ009,Cloud consumption allocation
20230701,104027,BU02,VEN001,Network,57971.13,PRJ002,Cloud consumption allocation
20230701,104027,BU02,VEN002,Compute,67735.87,PRJ004,Cloud consumption allocation
20230701,104028,BU03,VEN001,Analytics,43795.0,PRJ005,Cloud consumption allocation
20230701,104034,BU03,VEN002,Analytics,150347.18,PRJ009,Cloud consumption allocation
20230701,109003,BU04,VEN001,Network,30733.83,PRJ002,Cloud consumption allocation
20230701,109003,BU04,VEN002,Network,83850.45,PRJ005,Cloud consumption allocation
20230701,110101,BU05,VEN001,Storage,171755.47,PRJ001,Cloud consumption allocation
20230701,120201,BU06,VEN001,Network,70995.59,PRJ007,Cloud consumption allocation
20230701,120201,BU06,VEN002,Storage,53593.23,PRJ006,Cloud consumption allocation
20230801,104001,BU03,VEN001,Analytics,47648.14,PRJ002,Cloud consumption allocation
20230801,104001,BU03,VEN002,Storage,57227.86,PRJ010,Cloud consumption allocation
20230801,104002,BU03,VEN001,Network,82829.64,PRJ003,Cloud consumption allocation
20230801,104003,BU03,VEN002,Analytics,25115.42,PRJ004,Cloud consumption allocation
20230801,104005,BU03,VEN001,Network,70869.08,PRJ009,Cloud consumption allocation
20230801,104017,BU02,VEN002,Storage,46391.29,PRJ003,Cloud consumption allocation
20230801,104018,BU06,VEN001,Storage,63913.15,PRJ010,Cloud consumption allocation
20230801,104018,BU06,VEN002,Storage,26800.35,PRJ005,Cloud consumption allocation
20230801,104019,BU03,VEN001,Analytics,65036.52,PRJ002,Cloud consumption allocation
20230801,104022,BU03,VEN002,Analytics,89183.3,PRJ007,Cloud consumption allocation
20230801,104023,BU02,VEN001,Storage,101749.27,PRJ009,Cloud consumption allocation
20230801,104023,BU02,VEN002,Compute,131241.37,PRJ005,Cloud consumption allocation
20230801,104026,BU01,VEN001,Network,68578.27,PRJ008,Cloud consumption allocation
20230801,104027,BU02,VEN001,Database,36710.44,PRJ006,Cloud consumption allocation
20230801,104027,BU02,VEN002,Compute,45906.03,PRJ010,Cloud consumption allocation
20230801,104028,BU03,VEN002,Database,27699.28,PRJ010,Cloud consumption allocation
20230801,104034,BU03,VEN001,Analytics,93113.15,PRJ006,Cloud consumption allocation
20230801,109003,BU04,VEN001,Analytics,87867.81,PRJ009,Cloud consumption allocation
20230801,109003,BU04,VEN002,Compute,129995.76,PRJ004,Cloud consumption allocation
20230801,110102,BU05,VEN001,Compute,81413.16,PRJ008,Cloud consumption allocation
20230801,120201,BU06,VEN001,Analytics,145908.74,PRJ005,Cloud consumption allocation
20230801,120201,BU06,VEN002,Database,55109.1,PRJ005,Cloud consumption allocation
20230901,104005,BU03,VEN001,Database,79580.26,PRJ001,Cloud consumption allocation
20230901,104017,BU02,VEN001,Analytics,159015.04,PRJ006,Cloud consumption allocation
20230901,104017,BU02,VEN002,Compute,81771.2,PRJ007,Cloud consumption allocation
20230901,104018,BU06,VEN001,Network,49734.57,PRJ004,Cloud consumption allocation
20230901,104018,BU06,VEN002,Compute,71563.4,PRJ004,Cloud consumption allocation
20230901,104019,BU03,VEN001,Database,41085.4,PRJ006,Cloud consumption allocation
20230901,104023,BU02,VEN001,Analytics,108410.3,PRJ008,Cloud consumption allocation
20230901,104023,BU02,VEN002,Network,105762.79,PRJ010,Cloud consumption allocation
20230901,104027,BU02,VEN001,Analytics,52723.47,PRJ001,Cloud consumption allocation
20230901,104027,BU02,VEN002,Compute,127188.12,PRJ009,Cloud consumption allocation
20230901,104028,BU03,VEN001,Storage,74931.05,PRJ010,Cloud consumption allocation
20230901,109003,BU04,VEN001,Analytics,136459.53,PRJ009,Cloud consumption allocation
20230901,109003,BU04,VEN002,Analytics,23990.9,PRJ003,Cloud consumption allocation
20230901,109004,BU04,VEN002,Compute,28282.89,PRJ004,Cloud consumption allocation
20230901,110102,BU05,VEN002,Compute,81856.52,PRJ007,Cloud consumption allocation
20230901,120201,BU06,VEN001,Storage,85364.06,PRJ001,Cloud consumption allocation
20230901,120201,BU06,VEN002,Analytics,37031.39,PRJ010,Cloud consumption allocation
20231001,104003,BU03,VEN001,Storage,27209.79,PRJ010,Cloud consumption allocation
20231001,104005,BU03,VEN001,Database,85451.09,PRJ005,Cloud consumption allocation
20231001,104017,BU02,VEN002,Database,49265.72,PRJ006,Cloud consumption allocation
20231001,104018,BU06,VEN001,Compute,115389.82,PRJ004,Cloud consumption allocation
20231001,104018,BU06,VEN002,Compute,160771.57,PRJ010,Cloud consumption allocation
20231001,104023,BU02,VEN001,Analytics,118010.93,PRJ003,Cloud consumption allocation
20231001,104023,BU02,VEN002,Storage,62455.84,PRJ006,Cloud consumption allocation
20231001,104026,BU01,VEN001,Network,127169.32,PRJ005,Cloud consumption allocation
20231001,104026,BU01,VEN002,Analytics,65144.46,PRJ005,Cloud consumption allocation
20231001,104027,BU02,VEN001,Analytics,76530.63,PRJ003,Cloud consumption allocation
20231001,104027,BU02,VEN002,Storage,45685.99,PRJ009,Cloud consumption allocation
20231001,109003,BU04,VEN001,Analytics,93133.91,PRJ001,Cloud consumption allocation
20231001,109003,BU04,VEN002,Database,82585.03,PRJ004,Cloud consumption allocation
20231001,109004,BU04,VEN001,Database,54983.1,PRJ002,Cloud consumption allocation
20231001,110102,BU05,VEN001,Compute,119572.88,PRJ002,Cloud consumption allocation
20231001,120201,BU06,VEN001,Storage,124015.77,PRJ002,Cloud consumption allocation
20231001,120201,BU06,VEN002,Database,90657.84,PRJ007,Cloud consumption allocation
20231101,104001,BU03,VEN002,Network,48309.0,PRJ002,Cloud consumption allocation
20231101,104002,BU03,VEN001,Network,48973.69,PRJ008,Cloud consumption allocation
20231101,104002,BU03,VEN002,Network,97184.92,PRJ008,Cloud consumption allocation
20231101,104017,BU02,VEN001,Compute,92924.31,PRJ008,Cloud consumption allocation
20231101,104017,BU02,VEN002,Compute,74908.57,PRJ003,Cloud consumption allocation
20231101,104018,BU06,VEN001,Storage,125518.67,PRJ010,Cloud consumption allocation
20231101,104018,BU06,VEN002,Storage,119865.06,PRJ008,Cloud consumption allocation
20231101,104019,BU03,VEN002,Network,107964.39,PRJ006,Cloud consumption allocation
20231101,104022,BU03,VEN001,Storage,43683.83,PRJ010,Cloud consumption allocation
20231101,104022,BU03,VEN002,Database,78897.87,PRJ001,Cloud consumption allocation
20231101,104023,BU02,VEN001,Analytics,168573.05,PRJ006,Cloud consumption allocation
20231101,104023,BU02,VEN002,Database,119486.91,PRJ002,Cloud consumption allocation
20231101,104027,BU02,VEN001,Database,54674.94,PRJ004,Cloud consumption allocation
20231101,104027,BU02,VEN002,Storage,181101.96,PRJ008,Cloud consumption allocation
20231101,104034,BU03,VEN001,Compute,57828.44,PRJ007,Cloud consumption allocation
20231101,109003,BU04,VEN001,Storage,30362.14,PRJ002,Cloud consumption allocation
20231101,109003,BU04,VEN002,Database,53629.26,PRJ006,Cloud consumption allocation
20231101,109004,BU04,VEN001,Database,54675.03,PRJ004,Cloud consumption allocation
20231101,109004,BU04,VEN002,Network,45429.98,PRJ002,Cloud consumption allocation
20231101,120201,BU06,VEN001,Network,44870.81,PRJ001,Cloud consumption allocation
20231101,120201,BU06,VEN002,Network,27244.84,PRJ002,Cloud consumption allocation
20231201,104002,BU03,VEN001,Analytics,92943.71,PRJ002,Cloud consumption allocation
20231201,104002,BU03,VEN002,Network,164498.49,PRJ002,Cloud consumption allocation
20231201,104003,BU03,VEN002,Database,122794.58,PRJ008,Cloud consumption allocation
20231201,104005,BU03,VEN002,Database,78031.72,PRJ008,Cloud consumption allocation
20231201,104017,BU02,VEN001,Network,96727.31,PRJ009,Cloud consumption allocation
20231201,104018,BU06,VEN001,Analytics,49864.48,PRJ001,Cloud consumption allocation
20231201,104018,BU06,VEN002,Storage,67250.76,PRJ006,Cloud consumption allocation
20231201,104019,BU03,VEN001,Storage,72844.42,PRJ002,Cloud consumption allocation
20231201,104019,BU03,VEN002,Network,171379.79,PRJ010,Cloud consumption allocation
20231201,104022,BU03,VEN002,Analytics,61903.34,PRJ008,Cloud consumption allocation
20231201,104023,BU02,VEN001,Analytics,107631.18,PRJ007,Cloud consumption allocation
20231201,104023,BU02,VEN002,Analytics,25274.58,PRJ002,Cloud consumption allocation
20231201,104026,BU01,VEN001,Compute,170155.8,PRJ005,Cloud consumption allocation
20231201,104026,BU01,VEN002,Analytics,50203.61,PRJ003,Cloud consumption allocation
20231201,104027,BU02,VEN001,Compute,94053.63,PRJ009,Cloud consumption allocation
20231201,104027,BU02,VEN002,Network,51653.11,PRJ006,Cloud consumption allocation
20231201,104028,BU03,VEN002,Database,125932.78,PRJ005,Cloud consumption allocation
20231201,104034,BU03,VEN001,Analytics,129772.28,PRJ002,Cloud consumption allocation
20231201,109003,BU04,VEN001,Database,142373.88,PRJ001,Cloud consumption allocation
20231201,109003,BU04,VEN002,Compute,135735.74,PRJ001,Cloud consumption allocation
20231201,109004,BU04,VEN001,Storage,122429.07,PRJ001,Cloud consumption allocation
20231201,109004,BU04,VEN002,Analytics,78306.58,PRJ005,Cloud consumption allocation
20231201,110101,BU05,VEN001,Compute,35589.21,PRJ009,Cloud consumption allocation
20231201,120201,BU06,VEN001,Analytics,41708.35,PRJ006,Cloud consumption allocation
20231201,120201,BU06,VEN002,Storage,114964.46,PRJ008,Cloud consumption allocation
20240101,104005,BU03,VEN001,Analytics,42145.13,PRJ002,Cloud consumption allocation
20240101,104005,BU03,VEN002,Storage,72916.86,PRJ004,Cloud consumption allocation
20240101,104017,BU02,VEN002,Storage,148716.63,PRJ001,Cloud consumption allocation
20240101,104018,BU06,VEN001,Database,47457.85,PRJ007,Cloud consumption allocation
20240101,104018,BU06,VEN002,Network,65026.31,PRJ002,Cloud consumption allocation
20240101,104019,BU03,VEN001,Analytics,209394.14,PRJ010,Cloud consumption allocation
20240101,104022,BU03,VEN001,Network,84583.7,PRJ005,Cloud consumption allocation
20240101,104023,BU02,VEN001,Storage,57773.7,PRJ005,Cloud consumption allocation
20240101,104023,BU02,VEN002,Network,155485.1,PRJ007,Cloud consumption allocation
20240101,104027,BU02,VEN001,Compute,47658.64,PRJ008,Cloud consumption allocation
20240101,104027,BU02,VEN002,Analytics,94512.65,PRJ008,Cloud consumption allocation
20240101,104028,BU03,VEN001,Analytics,63274.92,PRJ007,Cloud consumption allocation
20240101,104028,BU03,VEN002,Compute,111272.66,PRJ010,Cloud consumption allocation
20240101,104034,BU03,VEN002,Compute,142789.87,PRJ008,Cloud consumption allocation
20240101,109003,BU04,VEN001,Analytics,59104.03,PRJ010,Cloud consumption allocation
20240101,109003,BU04,VEN002,Analytics,135516.49,PRJ002,Cloud consumption allocation
20240101,109004,BU04,VEN001,Storage,132754.35,PRJ004,Cloud consumption allocation
20240101,120201,BU06,VEN001,Compute,96335.03,PRJ004,Cloud consumption allocation
20240101,120201,BU06,VEN002,Analytics,153739.58,PRJ009,Cloud consumption allocation
20240201,104002,BU03,VEN001,Compute,117569.21,PRJ007,Cloud consumption allocation
20240201,104003,BU03,VEN001,Compute,39251.48,PRJ005,Cloud consumption allocation
20240201,104018,BU06,VEN001,Compute,89034.38,PRJ002,Cloud consumption allocation
20240201,104018,BU06,VEN002,Network,87707.77,PRJ003,Cloud consumption allocation
20240201,104022,BU03,VEN002,Network,205169.54,PRJ010,Cloud consumption allocation
20240201,104023,BU02,VEN001,Storage,140148.25,PRJ003,Cloud consumption allocation
20240201,104023,BU02,VEN002,Network,147593.33,PRJ002,Cloud consumption allocation
20240201,104026,BU01,VEN002,Analytics,133687.01,PRJ007,Cloud consumption allocation
20240201,104027,BU02,VEN001,Network,140170.8,PRJ002,Cloud consumption allocation
20240201,104027,BU02,VEN002,Network,190713.23,PRJ010,Cloud consumption allocation
20240201,104028,BU03,VEN002,Database,139863.48,PRJ008,Cloud consumption allocation
20240201,109003,BU04,VEN001,Analytics,141389.18,PRJ005,Cloud consumption allocation
20240201,109003,BU04,VEN002,Storage,58097.88,PRJ001,Cloud consumption allocation
20240201,109004,BU04,VEN001,Database,177614.21,PRJ005,Cloud consumption allocation
20240201,110101,BU05,VEN002,Compute,63259.62,PRJ010,Cloud consumption allocation
20240201,120201,BU06,VEN001,Database,153640.14,PRJ004,Cloud consumption allocation
20240201,120201,BU06,VEN002,Storage,69500.91,PRJ008,Cloud consumption allocation
20240301,104001,BU03,VEN001,Analytics,43758.38,PRJ002,Cloud consumption allocation
20240301,104002,BU03,VEN001,Network,119560.75,PRJ009,Cloud consumption allocation
20240301,104017,BU02,VEN002,Compute,92254.73,PRJ006,Cloud consumption allocation
20240301,104018,BU06,VEN001,Storage,98309.7,PRJ009,Cloud consumption allocation
20240301,104018,BU06,VEN002,Storage,128173.42,PRJ002,Cloud consumption allocation
20240301,104019,BU03,VEN001,Network,95655.08,PRJ005,Cloud consumption allocation
20240301,104019,BU03,VEN002,Storage,133947.26,PRJ003,Cloud consumption allocation
20240301,104023,BU02,VEN001,Network,64797.42,PRJ006,Cloud consumption allocation
20240301,104023,BU02,VEN002,Storage,129042.05,PRJ004,Cloud consumption allocation
20240301,104027,BU02,VEN001,Network,130432.34,PRJ006,Cloud consumption allocation
20240301,104027,BU02,VEN002,Analytics,74222.69,PRJ001,Cloud consumption allocation
20240301,104034,BU03,VEN002,Analytics,53862.76,PRJ006,Cloud consumption allocation
20240301,109003,BU04,VEN001,Analytics,51979.3,PRJ006,Cloud consumption allocation
20240301,109003,BU04,VEN002,Network,121564.97,PRJ006,Cloud consumption allocation
20240301,120201,BU06,VEN001,Analytics,49138.06,PRJ007,Cloud consumption allocation
20240301,120201,BU06,VEN002,Network,31756.42,PRJ005,Cloud consumption allocation
20240401,104001,BU03,VEN001,Storage,96737.9,PRJ007,Cloud consumption allocation
20240401,104001,BU03,VEN002,Storage,105406.75,PRJ002,Cloud consumption allocation
20240401,104002,BU03,VEN001,Analytics,45680.5,PRJ003,Cloud consumption allocation
20240401,104003,BU03,VEN001,Network,36164.55,PRJ001,Cloud consumption allocation
20240401,104003,BU03,VEN002,Storage,42290.35,PRJ001,Cloud consumption allocation
20240401,104005,BU03,VEN001,Storage,53945.73,PRJ001,Cloud consumption allocation
20240401,104005,BU03,VEN002,Analytics,77925.28,PRJ003,Cloud consumption allocation
20240401,104017,BU02,VEN001,Database,169892.66,PRJ006,Cloud consumption allocation
20240401,104018,BU06,VEN001,Compute,132637.55,PRJ010,Cloud consumption allocation
20240401,104018,BU06,VEN002,Compute,142455.06,PRJ007,Cloud consumption allocation
20240401,104019,BU03,VEN001,Analytics,176185.94,PRJ002,Cloud consumption allocation
20240401,104019,BU03,VEN002,Storage,93419.64,PRJ003,Cloud consumption allocation
20240401,104023,BU02,VEN001,Analytics,119797.9,PRJ007,Cloud consumption allocation
20240401,104023,BU02,VEN002,Compute,132954.43,PRJ005,Cloud consumption allocation
20240401,104026,BU01,VEN001,Database,102543.58,PRJ001,Cloud consumption allocation
20240401,104027,BU02,VEN001,Database,136286.39,PRJ008,Cloud consumption allocation
20240401,104027,BU02,VEN002,Compute,85288.8,PRJ006,Cloud consumption allocation
20240401,104028,BU03,VEN002,Storage,121876.97,PRJ006,Cloud consumption allocation
20240401,104034,BU03,VEN001,Storage,107990.97,PRJ007,Cloud consumption allocation
20240401,109003,BU04,VEN001,Compute,77382.17,PRJ001,Cloud consumption allocation
20240401,109003,BU04,VEN002,Compute,34970.77,PRJ003,Cloud consumption allocation
20240401,109004,BU04,VEN001,Compute,41105.93,PRJ007,Cloud consumption allocation
20240401,110102,BU05,VEN001,Compute,165390.11,PRJ006,Cloud consumption allocation
20240401,120201,BU06,VEN001,Database,104835.79,PRJ003,Cloud consumption allocation
20240401,120201,BU06,VEN002,Compute,53018.56,PRJ008,Cloud consumption allocation
20240501,104005,BU03,VEN001,Analytics,86715.14,PRJ004,Cloud consumption allocation
20240501,104005,BU03,VEN002,Network,126451.77,PRJ006,Cloud consumption allocation
20240501,104018,BU06,VEN001,Database,111185.72,PRJ006,Cloud consumption allocation
20240501,104018,BU06,VEN002,Database,123841.33,PRJ005,Cloud consumption allocation
20240501,104023,BU02,VEN001,Storage,88095.43,PRJ003,Cloud consumption allocation
20240501,104023,BU02,VEN002,Database,44581.25,PRJ001,Cloud consumption allocation
20240501,104026,BU01,VEN001,Analytics,197930.2,PRJ004,Cloud consumption allocation
20240501,104027,BU02,VEN001,Network,136981.22,PRJ010,Cloud consumption allocation
20240501,104027,BU02,VEN002,Network,84532.37,PRJ003,Cloud consumption allocation
20240501,104028,BU03,VEN001,Storage,126295.8,PRJ010,Cloud consumption allocation
20240501,104034,BU03,VEN001,Database,133721.85,PRJ007,Cloud consumption allocation
20240501,109003,BU04,VEN001,Database,128884.71,PRJ003,Cloud consumption allocation
20240501,109003,BU04,VEN002,Network,118570.03,PRJ004,Cloud consumption allocation
20240501,109004,BU04,VEN001,Compute,90373.39,PRJ008,Cloud consumption allocation
20240501,120201,BU06,VEN001,Analytics,39672.72,PRJ007,Cloud consumption allocation
20240501,120201,BU06,VEN002,Database,108403.43,PRJ008,Cloud consumption allocation
20240601,104001,BU03,VEN002,Database,85643.16,PRJ009,Cloud consumption allocation
20240601,104002,BU03,VEN001,Database,141603.79,PRJ009,Cloud consumption allocation
20240601,104003,BU03,VEN002,Analytics,77698.28,PRJ009,Cloud consumption allocation
20240601,104018,BU06,VEN001,Network,141554.93,PRJ001,Cloud consumption allocation
20240601,104018,BU06,VEN002,Storage,103885.88,PRJ005,Cloud consumption allocation
20240601,104019,BU03,VEN002,Storage,60321.07,PRJ009,Cloud consumption allocation
20240601,104023,BU02,VEN001,Analytics,151615.84,PRJ001,Cloud consumption allocation
20240601,104023,BU02,VEN002,Network,30558.23,PRJ009,Cloud consumption allocation
20240601,104026,BU01,VEN001,Network,117962.27,PRJ008,Cloud consumption allocation
20240601,104027,BU02,VEN001,Storage,116751.15,PRJ002,Cloud consumption allocation
20240601,104027,BU02,VEN002,Database,46492.24,PRJ007,Cloud consumption allocation
20240601,104028,BU03,VEN001,Database,111955.88,PRJ009,Cloud consumption allocation
20240601,104028,BU03,VEN002,Storage,166982.27,PRJ008,Cloud consumption allocation
20240601,109003,BU04,VEN001,Analytics,117374.47,PRJ004,Cloud consumption allocation
20240601,109003,BU04,VEN002,Analytics,58980.57,PRJ002,Cloud consumption allocation
20240601,110101,BU05,VEN001,Analytics,57968.54,PRJ001,Cloud consumption allocation
20240601,110102,BU05,VEN001,Database,111385.24,PRJ006,Cloud consumption allocation
20240601,120201,BU06,VEN001,Compute,168994.71,PRJ004,Cloud consumption allocation
20240601,120201,BU06,VEN002,Analytics,100262.63,PRJ004,Cloud consumption allocation
20240701,104002,BU03,VEN001,Analytics,138923.43,PRJ009,Cloud consumption allocation
20240701,104005,BU03,VEN002,Network,141931.34,PRJ002,Cloud consumption allocation
20240701,104017,BU02,VEN002,Storage,95566.91,PRJ001,Cloud consumption allocation
20240701,104018,BU06,VEN001,Storage,121952.52,PRJ004,Cloud consumption allocation
20240701,104018,BU06,VEN002,Storage,41659.75,PRJ006,Cloud consumption allocation
20240701,104019,BU03,VEN002,Analytics,143442.4,PRJ006,Cloud consumption allocation
20240701,104023,BU02,VEN001,Analytics,145714.54,PRJ007,Cloud consumption allocation
20240701,104023,BU02,VEN002,Compute,89177.17,PRJ004,Cloud consumption allocation
20240701,104026,BU01,VEN001,Database,70243.17,PRJ001,Cloud consumption allocation
20240701,104027,BU02,VEN001,Network,106053.57,PRJ001,Cloud consumption allocation
20240701,104027,BU02,VEN002,Storage,60406.24,PRJ007,Cloud consumption allocation
20240701,104034,BU03,VEN002,Network,59613.32,PRJ006,Cloud consumption allocation
20240701,109003,BU04,VEN001,Analytics,54575.59,PRJ010,Cloud consumption allocation
20240701,109003,BU04,VEN002,Database,29833.56,PRJ010,Cloud consumption allocation
20240701,109004,BU04,VEN002,Analytics,121744.66,PRJ006,Cloud consumption allocation
20240701,110101,BU05,VEN001,Network,210593.54,PRJ005,Cloud consumption allocation
20240701,120201,BU06,VEN001,Storage,92184.42,PRJ002,Cloud consumption allocation
20240701,120201,BU06,VEN002,Database,49541.29,PRJ007,Cloud consumption allocation
20240801,104001,BU03,VEN002,Network,112429.74,PRJ004,Cloud consumption allocation
20240801,104002,BU03,VEN001,Compute,101759.87,PRJ003,Cloud consumption allocation
20240801,104002,BU03,VEN002,Compute,52970.15,PRJ009,Cloud consumption allocation
20240801,104003,BU03,VEN001,Network,78474.92,PRJ008,Cloud consumption allocation
20240801,104017,BU02,VEN002,Network,124184.0,PRJ008,Cloud consumption allocation
20240801,104018,BU06,VEN001,Network,122397.7,PRJ005,Cloud consumption allocation
20240801,104018,BU06,VEN002,Network,89130.32,PRJ002,Cloud consumption allocation
20240801,104023,BU02,VEN001,Network,28429.66,PRJ003,Cloud consumption allocation
20240801,104023,BU02,VEN002,Network,64134.6,PRJ008,Cloud consumption allocation
20240801,104026,BU01,VEN001,Database,204354.99,PRJ004,Cloud consumption allocation
20240801,104027,BU02,VEN001,Database,95033.91,PRJ007,Cloud consumption allocation
20240801,104027,BU02,VEN002,Network,107851.92,PRJ001,Cloud consumption allocation
20240801,104034,BU03,VEN001,Network,94549.64,PRJ003,Cloud consumption allocation
20240801,109003,BU04,VEN001,Network,118195.37,PRJ010,Cloud consumption allocation
20240801,109003,BU04,VEN002,Database,105934.51,PRJ003,Cloud consumption allocation
20240801,109004,BU04,VEN001,Analytics,111000.83,PRJ002,Cloud consumption allocation
20240801,110102,BU05,VEN002,Network,176578.52,PRJ006,Cloud consumption allocation
20240801,120201,BU06,VEN001,Network,24953.54,PRJ006,Cloud consumption allocation
20240801,120201,BU06,VEN002,Compute,44117.26,PRJ001,Cloud consumption allocation
20240901,104001,BU03,VEN002,Compute,93616.02,PRJ006,Cloud consumption allocation
20240901,104002,BU03,VEN002,Database,109428.85,PRJ004,Cloud consumption allocation
20240901,104005,BU03,VEN001,Storage,32360.23,PRJ007,Cloud consumption allocation
20240901,104005,BU03,VEN002,Analytics,208449.0,PRJ002,Cloud consumption allocation
20240901,104017,BU02,VEN001,Analytics,89179.09,PRJ005,Cloud consumption allocation
20240901,104017,BU02,VEN002,Compute,34001.72,PRJ010,Cloud consumption allocation
20240901,104018,BU06,VEN001,Compute,65913.04,PRJ002,Cloud consumption allocation
20240901,104018,BU06,VEN002,Database,98548.74,PRJ010,Cloud consumption allocation
20240901,104019,BU03,VEN002,Analytics,187401.68,PRJ001,Cloud consumption allocation
20240901,104023,BU02,VEN001,Storage,147605.06,PRJ007,Cloud consumption allocation
20240901,104023,BU02,VEN002,Network,82151.15,PRJ002,Cloud consumption allocation
20240901,104027,BU02,VEN001,Analytics,97277.11,PRJ006,Cloud consumption allocation
20240901,104027,BU02,VEN002,Database,137020.7,PRJ010,Cloud consumption allocation
20240901,104028,BU03,VEN001,Network,89100.97,PRJ006,Cloud consumption allocation
20240901,104034,BU03,VEN001,Compute,63357.55,PRJ004,Cloud consumption allocation
20240901,104034,BU03,VEN002,Network,57937.46,PRJ009,Cloud consumption allocation
20240901,109003,BU04,VEN001,Database,27252.53,PRJ008,Cloud consumption allocation
20240901,109003,BU04,VEN002,Compute,73659.39,PRJ007,Cloud consumption allocation
20240901,109004,BU04,VEN001,Network,118958.24,PRJ010,Cloud consumption allocation
20240901,109004,BU04,VEN002,Analytics,67602.84,PRJ010,Cloud consumption allocation
20240901,110101,BU05,VEN001,Compute,72164.44,PRJ007,Cloud consumption allocation
20240901,110101,BU05,VEN002,Database,93492.32,PRJ008,Cloud consumption allocation
20240901,110102,BU05,VEN001,Compute,88080.97,PRJ001,Cloud consumption allocation
20240901,110102,BU05,VEN002,Analytics,22125.4,PRJ005,Cloud consumption allocation
20240901,120201,BU06,VEN001,Network,129427.68,PRJ003,Cloud consumption allocation
20240901,120201,BU06,VEN002,Analytics,122759.26,PRJ002,Cloud consumption allocation
20241001,104001,BU03,VEN001,Storage,194996.88,PRJ010,Cloud consumption allocation
20241001,104001,BU03,VEN002,Network,116905.1,PRJ007,Cloud consumption allocation
20241001,104002,BU03,VEN002,Database,49687.64,PRJ005,Cloud consumption allocation
20241001,104003,BU03,VEN001,Compute,146627.39,PRJ005,Cloud consumption allocation
20241001,104005,BU03,VEN001,Storage,124769.42,PRJ008,Cloud consumption allocation
20241001,104005,BU03,VEN002,Storage,112180.63,PRJ001,Cloud consumption allocation
20241001,104018,BU06,VEN001,Analytics,109765.9,PRJ007,Cloud consumption allocation
20241001,104018,BU06,VEN002,Database,105693.86,PRJ010,Cloud consumption allocation
20241001,104023,BU02,VEN001,Database,139682.05,PRJ002,Cloud consumption allocation
20241001,104023,BU02,VEN002,Storage,101950.97,PRJ001,Cloud consumption allocation
20241001,104026,BU01,VEN002,Storage,160043.72,PRJ005,Cloud consumption allocation
20241001,104027,BU02,VEN001,Network,49014.53,PRJ006,Cloud consumption allocation
20241001,104027,BU02,VEN002,Network,84242.37,PRJ001,Cloud consumption allocation
20241001,104028,BU03,VEN001,Compute,79726.41,PRJ003,Cloud consumption allocation
20241001,104028,BU03,VEN002,Compute,104671.29,PRJ008,Cloud consumption allocation
20241001,104034,BU03,VEN002,Storage,138781.9,PRJ009,Cloud consumption allocation
20241001,109003,BU04,VEN001,Database,99862.72,PRJ002,Cloud consumption allocation
20241001,109003,BU04,VEN002,Network,29457.97,PRJ008,Cloud consumption allocation
20241001,120201,BU06,VEN001,Database,178622.2,PRJ003,Cloud consumption allocation
20241001,120201,BU06,VEN002,Analytics,110285.71,PRJ001,Cloud consumption allocation
20241101,104001,BU03,VEN001,Storage,160050.31,PRJ001,Cloud consumption allocation
20241101,104002,BU03,VEN002,Storage,175683.81,PRJ010,Cloud consumption allocation
20241101,104003,BU03,VEN002,Analytics,56047.17,PRJ005,Cloud consumption allocation
20241101,104005,BU03,VEN001,Compute,82972.86,PRJ001,Cloud consumption allocation
20241101,104017,BU02,VEN002,Storage,227492.58,PRJ001,Cloud consumption allocation
20241101,104018,BU06,VEN001,Database,138545.14,PRJ010,Cloud consumption allocation
20241101,104018,BU06,VEN002,Compute,123795.62,PRJ004,Cloud consumption allocation
20241101,104019,BU03,VEN001,Network,139377.66,PRJ009,Cloud consumption allocation
20241101,104023,BU02,VEN001,Compute,213777.32,PRJ006,Cloud consumption allocation
20241101,104023,BU02,VEN002,Analytics,89882.23,PRJ001,Cloud consumption allocation
20241101,104026,BU01,VEN001,Storage,87599.89,PRJ001,Cloud consumption allocation
20241101,104026,BU01,VEN002,Compute,68248.19,PRJ006,Cloud consumption allocation
20241101,104027,BU02,VEN001,Compute,49687.64,PRJ002,Cloud consumption allocation
20241101,104027,BU02,VEN002,Compute,205931.68,PRJ009,Cloud consumption allocation
20241101,104028,BU03,VEN001,Storage,156228.59,PRJ007,Cloud consumption allocation
20241101,109003,BU04,VEN001,Analytics,157150.63,PRJ005,Cloud consumption allocation
20241101,109003,BU04,VEN002,Compute,160472.43,PRJ008,Cloud consumption allocation
20241101,109004,BU04,VEN001,Database,36521.53,PRJ007,Cloud consumption allocation
20241101,109004,BU04,VEN002,Storage,42745.44,PRJ003,Cloud consumption allocation
20241101,110101,BU05,VEN002,Compute,188890.91,PRJ001,Cloud consumption allocation
20241101,120201,BU06,VEN001,Network,38196.66,PRJ007,Cloud consumption allocation
20241101,120201,BU06,VEN002,Storage,93237.06,PRJ009,Cloud consumption allocation
20241201,104017,BU02,VEN001,Storage,137537.38,PRJ003,Cloud consumption allocation
20241201,104017,BU02,VEN002,Storage,148794.68,PRJ008,Cloud consumption allocation
20241201,104018,BU06,VEN001,Network,56236.34,PRJ002,Cloud consumption allocation
20241201,104018,BU06,VEN002,Network,65218.5,PRJ006,Cloud consumption allocation
20241201,104022,BU03,VEN002,Database,40752.87,PRJ007,Cloud consumption allocation
20241201,104023,BU02,VEN001,Compute,66342.01,PRJ001,Cloud consumption allocation
20241201,104023,BU02,VEN002,Storage,56014.8,PRJ010,Cloud consumption allocation
20241201,104027,BU02,VEN001,Analytics,56818.12,PRJ001,Cloud consumption allocation
20241201,104027,BU02,VEN002,Compute,79589.81,PRJ004,Cloud consumption allocation
20241201,104034,BU03,VEN001,Network,182343.48,PRJ006,Cloud consumption allocation
20241201,109003,BU04,VEN001,Storage,27829.97,PRJ010,Cloud consumption allocation
20241201,109003,BU04,VEN002,Network,194714.21,PRJ001,Cloud consumption allocation
20241201,110102,BU05,VEN002,Database,149702.36,PRJ002,Cloud consumption allocation
20241201,120201,BU06,VEN001,Network,190822.74,PRJ007,Cloud consumption allocation
20241201,120201,BU06,VEN002,Analytics,77782.39,PRJ010,Cloud consumption allocation
20250101,104001,BU03,VEN002,Storage,54095.34,PRJ001,Cloud consumption allocation
20250101,104005,BU03,VEN001,Storage,117132.55,PRJ002,Cloud consumption allocation
20250101,104017,BU02,VEN001,Compute,51854.86,PRJ006,Cloud consumption allocation
20250101,104018,BU06,VEN001,Compute,227616.76,PRJ008,Cloud consumption allocation
20250101,104018,BU06,VEN002,Network,30134.5,PRJ001,Cloud consumption allocation
20250101,104019,BU03,VEN002,Compute,95977.5,PRJ008,Cloud consumption allocation
20250101,104022,BU03,VEN001,Database,149650.05,PRJ007,Cloud consumption allocation
20250101,104023,BU02,VEN001,Analytics,141701.91,PRJ010,Cloud consumption allocation
20250101,104023,BU02,VEN002,Database,158375.08,PRJ004,Cloud consumption allocation
20250101,104026,BU01,VEN002,Network,151336.28,PRJ008,Cloud consumption allocation
20250101,104027,BU02,VEN001,Database,220534.0,PRJ001,Cloud consumption allocation
20250101,104027,BU02,VEN002,Network,150044.31,PRJ004,Cloud consumption allocation
20250101,104028,BU03,VEN001,Database,172059.1,PRJ009,Cloud consumption allocation
20250101,109003,BU04,VEN001,Compute,66037.51,PRJ004,Cloud consumption allocation
20250101,109003,BU04,VEN002,Network,189160.9,PRJ002,Cloud consumption allocation
20250101,109004,BU04,VEN001,Storage,140047.68,PRJ005,Cloud consumption allocation
20250101,120201,BU06,VEN001,Analytics,139164.61,PRJ010,Cloud consumption allocation
20250101,120201,BU06,VEN002,Compute,246858.4,PRJ006,Cloud consumption allocation
20250201,104001,BU03,VEN002,Storage,60859.57,PRJ005,Cloud consumption allocation
20250201,104003,BU03,VEN001,Compute,79707.74,PRJ009,Cloud consumption allocation
20250201,104017,BU02,VEN001,Network,34770.95,PRJ004,Cloud consumption allocation
20250201,104018,BU06,VEN001,Storage,135863.35,PRJ006,Cloud consumption allocation
20250201,104018,BU06,VEN002,Network,80037.21,PRJ005,Cloud consumption allocation
20250201,104022,BU03,VEN002,Database,101185.19,PRJ006,Cloud consumption allocation
20250201,104023,BU02,VEN001,Network,187159.03,PRJ007,Cloud consumption allocation
20250201,104023,BU02,VEN002,Analytics,116634.53,PRJ003,Cloud consumption allocation
20250201,104027,BU02,VEN001,Analytics,181365.65,PRJ001,Cloud consumption allocation
20250201,104027,BU02,VEN002,Network,77908.23,PRJ001,Cloud consumption allocation
20250201,109003,BU04,VEN001,Analytics,44321.59,PRJ007,Cloud consumption allocation
20250201,109003,BU04,VEN002,Database,70793.03,PRJ001,Cloud consumption allocation
20250201,109004,BU04,VEN001,Compute,99429.24,PRJ002,Cloud consumption allocation
20250201,120201,BU06,VEN001,Storage,187034.55,PRJ009,Cloud consumption allocation
20250201,120201,BU06,VEN002,Network,36159.73,PRJ008,Cloud consumption allocation
20250301,104001,BU03,VEN001,Database,114579.59,PRJ001,Cloud consumption allocation
20250301,104001,BU03,VEN002,Database,130900.33,PRJ006,Cloud consumption allocation
20250301,104002,BU03,VEN001,Database,116355.75,PRJ001,Cloud consumption allocation
20250301,104003,BU03,VEN001,Analytics,191165.57,PRJ007,Cloud consumption allocation
20250301,104005,BU03,VEN001,Network,47446.4,PRJ004,Cloud consumption allocation
20250301,104005,BU03,VEN002,Compute,86237.17,PRJ006,Cloud consumption allocation
20250301,104017,BU02,VEN002,Compute,35457.27,PRJ009,Cloud consumption allocation
20250301,104018,BU06,VEN001,Network,103468.96,PRJ004,Cloud consumption allocation
20250301,104018,BU06,VEN002,Database,34481.64,PRJ005,Cloud consumption allocation
20250301,104023,BU02,VEN001,Storage,81087.75,PRJ007,Cloud consumption allocation
20250301,104023,BU02,VEN002,Compute,98054.98,PRJ009,Cloud consumption allocation
20250301,104027,BU02,VEN001,Network,200083.47,PRJ001,Cloud consumption allocation
20250301,104027,BU02,VEN002,Network,82949.72,PRJ010,Cloud consumption allocation
20250301,104034,BU03,VEN002,Network,211924.5,PRJ004,Cloud consumption allocation
20250301,109003,BU04,VEN001,Analytics,181659.2,PRJ010,Cloud consumption allocation
20250301,109003,BU04,VEN002,Analytics,32806.65,PRJ003,Cloud consumption allocation
20250301,109004,BU04,VEN002,Database,160665.1,PRJ003,Cloud consumption allocation
20250301,110101,BU05,VEN001,Analytics,174930.83,PRJ001,Cloud consumption allocation
20250301,110102,BU05,VEN002,Database,88434.53,PRJ006,Cloud consumption allocation
20250301,120201,BU06,VEN001,Compute,168633.28,PRJ007,Cloud consumption allocation
20250301,120201,BU06,VEN002,Database,88580.25,PRJ009,Cloud consumption allocation
20250401,104001,BU03,VEN002,Analytics,134311.42,PRJ008,Cloud consumption allocation
20250401,104002,BU03,VEN002,Database,81044.76,PRJ008,Cloud consumption allocation
20250401,104003,BU03,VEN001,Database,131906.74,PRJ004,Cloud consumption allocation
20250401,104003,BU03,VEN002,Analytics,221346.38,PRJ003,Cloud consumption allocation
20250401,104017,BU02,VEN001,Compute,107043.35,PRJ004,Cloud consumption allocation
20250401,104018,BU06,VEN001,Compute,100511.48,PRJ005,Cloud consumption allocation
20250401,104018,BU06,VEN002,Storage,159350.46,PRJ004,Cloud consumption allocation
20250401,104019,BU03,VEN001,Analytics,98954.01,PRJ002,Cloud consumption allocation
20250401,104019,BU03,VEN002,Compute,163253.95,PRJ002,Cloud consumption allocation
20250401,104023,BU02,VEN001,Database,88124.57,PRJ006,Cloud consumption allocation
20250401,104023,BU02,VEN002,Storage,59619.05,PRJ005,Cloud consumption allocation
20250401,104026,BU01,VEN001,Storage,141931.76,PRJ006,Cloud consumption allocation
20250401,104027,BU02,VEN001,Database,81217.27,PRJ002,Cloud consumption allocation
20250401,104027,BU02,VEN002,Storage,232265.98,PRJ010,Cloud consumption allocation
20250401,104028,BU03,VEN002,Compute,76352.37,PRJ006,Cloud consumption allocation
20250401,104034,BU03,VEN002,Storage,136874.78,PRJ010,Cloud consumption allocation
20250401,109003,BU04,VEN001,Network,105001.57,PRJ007,Cloud consumption allocation
20250401,109003,BU04,VEN002,Storage,39853.72,PRJ009,Cloud consumption allocation
20250401,109004,BU04,VEN001,Database,185606.78,PRJ004,Cloud consumption allocation
20250401,120201,BU06,VEN001,Storage,70489.56,PRJ006,Cloud consumption allocation
20250401,120201,BU06,VEN002,Analytics,108755.47,PRJ007,Cloud consumption allocation
20250501,104001,BU03,VEN002,Database,68086.56,PRJ009,Cloud consumption allocation
20250501,104002,BU03,VEN001,Network,180399.06,PRJ005,Cloud consumption allocation
20250501,104005,BU03,VEN001,Analytics,139429.8,PRJ006,Cloud consumption allocation
20250501,104005,BU03,VEN002,Network,33637.24,PRJ003,Cloud consumption allocation
20250501,104017,BU02,VEN001,Network,73660.65,PRJ001,Cloud consumption allocation
20250501,104018,BU06,VEN001,Compute,166513.98,PRJ005,Cloud consumption allocation
20250501,104018,BU06,VEN002,Analytics,58472.46,PRJ004,Cloud consumption allocation
20250501,104019,BU03,VEN002,Database,32180.24,PRJ003,Cloud consumption allocation
20250501,104023,BU02,VEN001,Network,136125.79,PRJ008,Cloud consumption allocation
20250501,104023,BU02,VEN002,Database,227370.79,PRJ001,Cloud consumption allocation
20250501,104026,BU01,VEN001,Database,53126.77,PRJ003,Cloud consumption allocation
20250501,104027,BU02,VEN001,Network,100337.55,PRJ010,Cloud consumption allocation
20250501,104027,BU02,VEN002,Compute,132395.84,PRJ006,Cloud consumption allocation
20250501,104028,BU03,VEN002,Network,60299.73,PRJ005,Cloud consumption allocation
20250501,109003,BU04,VEN001,Analytics,101269.36,PRJ005,Cloud consumption allocation
20250501,109003,BU04,VEN002,Analytics,32090.92,PRJ008,Cloud consumption allocation
20250501,110101,BU05,VEN001,Storage,120589.56,PRJ004,Cloud consumption allocation
20250501,120201,BU06,VEN001,Compute,184549.57,PRJ010,Cloud consumption allocation
20250501,120201,BU06,VEN002,Network,150783.36,PRJ002,Cloud consumption allocation
20250601,104001,BU03,VEN002,Analytics,187699.06,PRJ007,Cloud consumption allocation
20250601,104002,BU03,VEN001,Database,109497.12,PRJ002,Cloud consumption allocation
20250601,104002,BU03,VEN002,Storage,66406.17,PRJ009,Cloud consumption allocation
20250601,104003,BU03,VEN001,Analytics,181244.35,PRJ002,Cloud consumption allocation
20250601,104005,BU03,VEN002,Network,77887.7,PRJ003,Cloud consumption allocation
20250601,104017,BU02,VEN001,Analytics,114623.42,PRJ004,Cloud consumption allocation
20250601,104018,BU06,VEN001,Database,122542.96,PRJ005,Cloud consumption allocation
20250601,104018,BU06,VEN002,Compute,51201.77,PRJ002,Cloud consumption allocation
20250601,104022,BU03,VEN001,Analytics,138814.32,PRJ010,Cloud consumption allocation
20250601,104023,BU02,VEN001,Network,99521.29,PRJ008,Cloud consumption allocation
20250601,104023,BU02,VEN002,Storage,153551.7,PRJ007,Cloud consumption allocation
20250601,104027,BU02,VEN001,Network,137777.5,PRJ006,Cloud consumption allocation
20250601,104027,BU02,VEN002,Database,169559.56,PRJ008,Cloud consumption allocation
20250601,104034,BU03,VEN001,Network,53166.58,PRJ007,Cloud consumption allocation
20250601,109003,BU04,VEN001,Compute,152448.59,PRJ010,Cloud consumption allocation
20250601,109003,BU04,VEN002,Analytics,88172.01,PRJ006,Cloud consumption allocation
20250601,109004,BU04,VEN001,Network,111738.71,PRJ001,Cloud consumption allocation
20250601,110101,BU05,VEN001,Compute,49205.42,PRJ004,Cloud consumption allocation
20250601,120201,BU06,VEN001,Compute,132769.83,PRJ002,Cloud consumption allocation
20250601,120201,BU06,VEN002,Compute,85964.91,PRJ005,Cloud consumption allocation
20250701,104001,BU03,VEN001,Database,105129.35,PRJ008,Cloud consumption allocation
20250701,104002,BU03,VEN002,Analytics,56141.0,PRJ009,Cloud consumption allocation
20250701,104003,BU03,VEN001,Network,63629.43,PRJ008,Cloud consumption allocation
20250701,104003,BU03,VEN002,Network,194890.85,PRJ005,Cloud consumption allocation
20250701,104005,BU03,VEN002,Database,38207.05,PRJ007,Cloud consumption allocation
20250701,104018,BU06,VEN001,Compute,102920.93,PRJ004,Cloud consumption allocation
20250701,104018,BU06,VEN002,Storage,181252.19,PRJ004,Cloud consumption allocation
20250701,104019,BU03,VEN001,Storage,96561.92,PRJ005,Cloud consumption allocation
20250701,104023,BU02,VEN001,Analytics,68253.77,PRJ009,Cloud consumption allocation
20250701,104023,BU02,VEN002,Network,89218.07,PRJ001,Cloud consumption allocation
20250701,104027,BU02,VEN001,Database,177379.34,PRJ007,Cloud consumption allocation
20250701,104027,BU02,VEN002,Database,132515.13,PRJ003,Cloud consumption allocation
20250701,109003,BU04,VEN001,Analytics,153968.79,PRJ010,Cloud consumption allocation
20250701,109003,BU04,VEN002,Compute,156001.63,PRJ010,Cloud consumption allocation
20250701,109004,BU04,VEN002,Compute,34678.29,PRJ005,Cloud consumption allocation
20250701,110101,BU05,VEN002,Analytics,81896.07,PRJ003,Cloud consumption allocation
20250701,120201,BU06,VEN001,Storage,219263.21,PRJ001,Cloud consumption allocation
20250701,120201,BU06,VEN002,Analytics,104134.08,PRJ001,Cloud consumption allocation
20250801,104001,BU03,VEN001,Database,162534.01,PRJ007,Cloud consumption allocation
20250801,104003,BU03,VEN002,Network,61650.76,PRJ005,Cloud consumption allocation
20250801,104005,BU03,VEN002,Database,101747.64,PRJ001,Cloud consumption allocation
20250801,104017,BU02,VEN001,Storage,147300.18,PRJ006,Cloud consumption allocation
20250801,104018,BU06,VEN001,Compute,151391.26,PRJ006,Cloud consumption allocation
20250801,104018,BU06,VEN002,Storage,188863.64,PRJ005,Cloud consumption allocation
20250801,104019,BU03,VEN001,Database,176893.56,PRJ008,Cloud consumption allocation
20250801,104019,BU03,VEN002,Network,227645.22,PRJ006,Cloud consumption allocation
20250801,104022,BU03,VEN001,Storage,104055.29,PRJ003,Cloud consumption allocation
20250801,104023,BU02,VEN001,Network,169598.82,PRJ009,Cloud consumption allocation
20250801,104023,BU02,VEN002,Database,142984.15,PRJ003,Cloud consumption allocation
20250801,104026,BU01,VEN001,Compute,110916.2,PRJ002,Cloud consumption allocation
20250801,104027,BU02,VEN001,Compute,136583.49,PRJ009,Cloud consumption allocation
20250801,104027,BU02,VEN002,Storage,177241.79,PRJ001,Cloud consumption allocation
20250801,104028,BU03,VEN001,Compute,68168.73,PRJ009,Cloud consumption allocation
20250801,109003,BU04,VEN001,Network,55534.54,PRJ001,Cloud consumption allocation
20250801,109003,BU04,VEN002,Analytics,140510.46,PRJ003,Cloud consumption allocation
20250801,109004,BU04,VEN002,Analytics,176886.32,PRJ001,Cloud consumption allocation
20250801,110101,BU05,VEN001,Analytics,165012.44,PRJ010,Cloud consumption allocation
20250801,120201,BU06,VEN001,Network,43566.47,PRJ009,Cloud consumption allocation
20250801,120201,BU06,VEN002,Network,110758.28,PRJ010,Cloud consumption allocation
20250901,104002,BU03,VEN002,Network,157468.62,PRJ003,Cloud consumption allocation
20250901,104017,BU02,VEN001,Database,74572.97,PRJ006,Cloud consumption allocation
20250901,104017,BU02,VEN002,Storage,167491.03,PRJ004,Cloud consumption allocation
20250901,104018,BU06,VEN001,Network,224485.27,PRJ004,Cloud consumption allocation
20250901,104018,BU06,VEN002,Database,176717.25,PRJ010,Cloud consumption allocation
20250901,104022,BU03,VEN002,Database,179005.23,PRJ006,Cloud consumption allocation
20250901,104023,BU02,VEN001,Compute,80321.13,PRJ010,Cloud consumption allocation
20250901,104023,BU02,VEN002,Database,135260.38,PRJ001,Cloud consumption allocation
20250901,104027,BU02,VEN001,Compute,61266.91,PRJ002,Cloud consumption allocation
20250901,104027,BU02,VEN002,Compute,216091.31,PRJ003,Cloud consumption allocation
20250901,104028,BU03,VEN001,Database,63699.61,PRJ009,Cloud consumption allocation
20250901,109003,BU04,VEN001,Database,110206.95,PRJ004,Cloud consumption allocation
20250901,109003,BU04,VEN002,Compute,136515.34,PRJ009,Cloud consumption allocation
20250901,109004,BU04,VEN002,Network,71047.58,PRJ002,Cloud consumption allocation
20250901,110101,BU05,VEN001,Compute,119386.83,PRJ001,Cloud consumption allocation
20250901,110101,BU05,VEN002,Network,39301.55,PRJ010,Cloud consumption allocation
20250901,110102,BU05,VEN002,Network,110800.43,PRJ003,Cloud consumption allocation
20250901,120201,BU06,VEN001,Storage,114411.03,PRJ003,Cloud consumption allocation
20250901,120201,BU06,VEN002,Database,32327.43,PRJ010,Cloud consumption allocation
20251001,104001,BU03,VEN001,Network,156283.45,PRJ002,Cloud consumption allocation
20251001,104002,BU03,VEN001,Analytics,212511.09,PRJ008,Cloud consumption allocation
20251001,104003,BU03,VEN001,Analytics,89304.17,PRJ009,Cloud consumption allocation
20251001,104005,BU03,VEN001,Database,116967.36,PRJ004,Cloud consumption allocation
20251001,104018,BU06,VEN001,Database,79144.58,PRJ008,Cloud consumption allocation
20251001,104018,BU06,VEN002,Storage,55329.42,PRJ007,Cloud consumption allocation
20251001,104019,BU03,VEN001,Analytics,66176.55,PRJ004,Cloud consumption allocation
20251001,104019,BU03,VEN002,Database,131269.29,PRJ010,Cloud consumption allocation
20251001,104022,BU03,VEN001,Storage,115657.84,PRJ005,Cloud consumption allocation
20251001,104023,BU02,VEN001,Analytics,91120.44,PRJ002,Cloud consumption allocation
20251001,104023,BU02,VEN002,Compute,121159.45,PRJ007,Cloud consumption allocation
20251001,104026,BU01,VEN001,Compute,47128.75,PRJ003,Cloud consumption allocation
20251001,104027,BU02,VEN001,Database,165863.87,PRJ010,Cloud consumption allocation
20251001,104027,BU02,VEN002,Database,40748.38,PRJ006,Cloud consumption allocation
20251001,109003,BU04,VEN001,Compute,92507.58,PRJ006,Cloud consumption allocation
20251001,109003,BU04,VEN002,Compute,37356.53,PRJ003,Cloud consumption allocation
20251001,109004,BU04,VEN002,Analytics,143612.21,PRJ007,Cloud consumption allocation
20251001,110101,BU05,VEN001,Network,64344.39,PRJ003,Cloud consumption allocation
20251001,120201,BU06,VEN001,Analytics,38544.62,PRJ005,Cloud consumption allocation
20251001,120201,BU06,VEN002,Compute,184940.38,PRJ004,Cloud consumption allocation
20251101,104002,BU03,VEN001,Network,179370.82,PRJ004,Cloud consumption allocation
20251101,104003,BU03,VEN002,Analytics,165878.33,PRJ001,Cloud consumption allocation
20251101,104018,BU06,VEN001,Network,180208.7,PRJ002,Cloud consumption allocation
20251101,104018,BU06,VEN002,Compute,30164.31,PRJ010,Cloud consumption allocation
20251101,104019,BU03,VEN002,Compute,233723.33,PRJ005,Cloud consumption allocation
20251101,104022,BU03,VEN002,Network,52430.2,PRJ001,Cloud consumption allocation
20251101,104023,BU02,VEN001,Storage,133253.27,PRJ005,Cloud consumption allocation
20251101,104023,BU02,VEN002,Network,102548.47,PRJ005,Cloud consumption allocation
20251101,104027,BU02,VEN001,Network,150611.64,PRJ008,Cloud consumption allocation
20251101,104027,BU02,VEN002,Network,133158.6,PRJ009,Cloud consumption allocation
20251101,104034,BU03,VEN002,Compute,170524.65,PRJ003,Cloud consumption allocation
20251101,109003,BU04,VEN001,Network,240456.12,PRJ006,Cloud consumption allocation
20251101,109003,BU04,VEN002,Database,164536.58,PRJ009,Cloud consumption allocation
20251101,120201,BU06,VEN001,Analytics,180565.63,PRJ003,Cloud consumption allocation
20251101,120201,BU06,VEN002,Network,81991.77,PRJ001,Cloud consumption allocation
20251201,104001,BU03,VEN002,Network,142470.31,PRJ004,Cloud consumption allocation
20251201,104005,BU03,VEN002,Analytics,119623.55,PRJ004,Cloud consumption allocation
20251201,104017,BU02,VEN002,Analytics,206406.38,PRJ006,Cloud consumption allocation
20251201,104018,BU06,VEN001,Storage,159731.04,PRJ002,Cloud consumption allocation
20251201,104018,BU06,VEN002,Analytics,34293.69,PRJ009,Cloud consumption allocation
20251201,104023,BU02,VEN001,Storage,141495.94,PRJ005,Cloud consumption allocation
20251201,104023,BU02,VEN002,Compute,130748.71,PRJ006,Cloud consumption allocation
20251201,104026,BU01,VEN001,Storage,103876.73,PRJ001,Cloud consumption allocation
20251201,104027,BU02,VEN001,Analytics,56979.54,PRJ002,Cloud consumption allocation
20251201,104027,BU02,VEN002,Storage,68339.82,PRJ002,Cloud consumption allocation
20251201,104034,BU03,VEN002,Compute,164264.51,PRJ001,Cloud consumption allocation
20251201,109003,BU04,VEN001,Storage,191657.14,PRJ001,Cloud consumption allocation
20251201,109003,BU04,VEN002,Network,34133.53,PRJ001,Cloud consumption allocation
20251201,109004,BU04,VEN001,Network,228574.31,PRJ006,Cloud consumption allocation
20251201,109004,BU04,VEN002,Compute,141969.56,PRJ005,Cloud consumption allocation
20251201,110101,BU05,VEN002,Storage,158759.75,PRJ004,Cloud consumption allocation
20251201,120201,BU06,VEN001,Analytics,95445.37,PRJ001,Cloud consumption allocation
20251201,120201,BU06,VEN002,Compute,181690.55,PRJ009,Cloud consumption allocation
20260101,104001,BU03,VEN001,Compute,45442.89,PRJ008,Cloud consumption allocation
20260101,104002,BU03,VEN001,Network,89697.56,PRJ003,Cloud consumption allocation
20260101,104002,BU03,VEN002,Analytics,215061.16,PRJ003,Cloud consumption allocation
20260101,104003,BU03,VEN001,Database,124743.57,PRJ010,Cloud consumption allocation
20260101,104003,BU03,VEN002,Compute,247616.35,PRJ005,Cloud consumption allocation
20260101,104005,BU03,VEN001,Database,145078.53,PRJ001,Cloud consumption allocation
20260101,104017,BU02,VEN002,Database,109284.44,PRJ003,Cloud consumption allocation
20260101,104018,BU06,VEN001,Analytics,112068.11,PRJ001,Cloud consumption allocation
20260101,104018,BU06,VEN002,Storage,80887.78,PRJ003,Cloud consumption allocation
20260101,104019,BU03,VEN001,Database,190348.67,PRJ006,Cloud consumption allocation
20260101,104022,BU03,VEN001,Database,106854.99,PRJ003,Cloud consumption allocation
20260101,104022,BU03,VEN002,Compute,119150.4,PRJ009,Cloud consumption allocation
20260101,104023,BU02,VEN001,Compute,128520.93,PRJ009,Cloud consumption allocation
20260101,104023,BU02,VEN002,Storage,211845.09,PRJ003,Cloud consumption allocation
20260101,104027,BU02,VEN001,Compute,279093.11,PRJ006,Cloud consumption allocation
20260101,104027,BU02,VEN002,Compute,130734.78,PRJ002,Cloud consumption allocation
20260101,109003,BU04,VEN001,Network,115912.06,PRJ009,Cloud consumption allocation
20260101,109003,BU04,VEN002,Analytics,222610.8,PRJ004,Cloud consumption allocation
20260101,109004,BU04,VEN001,Storage,134626.81,PRJ002,Cloud consumption allocation
20260101,110101,BU05,VEN002,Database,211170.96,PRJ009,Cloud consumption allocation
20260101,120201,BU06,VEN001,Database,46215.18,PRJ010,Cloud consumption allocation
20260101,120201,BU06,VEN002,Network,143805.54,PRJ009,Cloud consumption allocation
20260201,104001,BU03,VEN002,Network,172555.58,PRJ006,Cloud consumption allocation
20260201,104002,BU03,VEN002,Compute,68613.07,PRJ005,Cloud consumption allocation
20260201,104018,BU06,VEN001,Storage,271377.33,PRJ008,Cloud consumption allocation
20260201,104018,BU06,VEN002,Storage,45096.13,PRJ002,Cloud consumption allocation
20260201,104019,BU03,VEN001,Network,85481.37,PRJ010,Cloud consumption allocation
20260201,104019,BU03,VEN002,Database,91961.36,PRJ003,Cloud consumption allocation
20260201,104022,BU03,VEN002,Database,236385.53,PRJ003,Cloud consumption allocation
20260201,104023,BU02,VEN001,Storage,85390.33,PRJ001,Cloud consumption allocation
20260201,104023,BU02,VEN002,Analytics,122171.56,PRJ009,Cloud consumption allocation
20260201,104027,BU02,VEN001,Database,67865.33,PRJ005,Cloud consumption allocation
20260201,104027,BU02,VEN002,Storage,61240.14,PRJ001,Cloud consumption allocation
20260201,104034,BU03,VEN002,Network,97754.18,PRJ008,Cloud consumption allocation
20260201,109003,BU04,VEN001,Database,164636.63,PRJ006,Cloud consumption allocation
20260201,109003,BU04,VEN002,Storage,116060.49,PRJ010,Cloud consumption allocation
20260201,109004,BU04,VEN002,Compute,167250.11,PRJ002,Cloud consumption allocation
20260201,110101,BU05,VEN001,Analytics,92827.48,PRJ002,Cloud consumption allocation
20260201,110101,BU05,VEN002,Network,225978.23,PRJ007,Cloud consumption allocation
20260201,110102,BU05,VEN001,Compute,136137.79,PRJ003,Cloud consumption allocation
20260201,120201,BU06,VEN001,Storage,247208.7,PRJ008,Cloud consumption allocation
20260201,120201,BU06,VEN002,Compute,250301.59,PRJ007,Cloud consumption allocation
20260301,104002,BU03,VEN002,Database,161291.62,PRJ007,Cloud consumption allocation
20260301,104003,BU03,VEN001,Compute,103373.45,PRJ002,Cloud consumption allocation
20260301,104018,BU06,VEN001,Storage,73350.39,PRJ004,Cloud consumption allocation
20260301,104018,BU06,VEN002,Analytics,163030.03,PRJ003,Cloud consumption allocation
20260301,104022,BU03,VEN001,Database,247825.93,PRJ006,Cloud consumption allocation
20260301,104022,BU03,VEN002,Database,162651.68,PRJ007,Cloud consumption allocation
20260301,104023,BU02,VEN001,Compute,66836.35,PRJ002,Cloud consumption allocation
20260301,104023,BU02,VEN002,Network,154532.87,PRJ007,Cloud consumption allocation
20260301,104027,BU02,VEN001,Analytics,74505.71,PRJ008,Cloud consumption allocation
20260301,104027,BU02,VEN002,Database,255216.99,PRJ004,Cloud consumption allocation
20260301,104034,BU03,VEN001,Storage,41002.86,PRJ009,Cloud consumption allocation
20260301,109003,BU04,VEN001,Database,253666.91,PRJ003,Cloud consumption allocation
20260301,109003,BU04,VEN002,Network,185836.47,PRJ002,Cloud consumption allocation
20260301,109004,BU04,VEN002,Storage,187345.89,PRJ002,Cloud consumption allocation
20260301,110101,BU05,VEN002,Compute,158254.6,PRJ009,Cloud consumption allocation
20260301,110102,BU05,VEN001,Analytics,135500.63,PRJ007,Cloud consumption allocation
20260301,120201,BU06,VEN001,Compute,134714.09,PRJ010,Cloud consumption allocation
20260301,120201,BU06,VEN002,Compute,146365.87,PRJ010,Cloud consumption allocation
20260401,104003,BU03,VEN001,Analytics,232751.23,PRJ010,Cloud consumption allocation
20260401,104005,BU03,VEN002,Compute,136549.6,PRJ010,Cloud consumption allocation
20260401,104018,BU06,VEN001,Analytics,177513.76,PRJ009,Cloud consumption allocation
20260401,104018,BU06,VEN002,Network,162267.49,PRJ004,Cloud consumption allocation
20260401,104019,BU03,VEN002,Compute,36314.19,PRJ007,Cloud consumption allocation
20260401,104023,BU02,VEN001,Storage,114535.39,PRJ006,Cloud consumption allocation
20260401,104023,BU02,VEN002,Storage,199389.51,PRJ010,Cloud consumption allocation
20260401,104027,BU02,VEN001,Compute,215857.87,PRJ008,Cloud consumption allocation
20260401,104027,BU02,VEN002,Analytics,107617.08,PRJ003,Cloud consumption allocation
20260401,104028,BU03,VEN002,Storage,30970.1,PRJ006,Cloud consumption allocation
20260401,109003,BU04,VEN001,Compute,99924.55,PRJ008,Cloud consumption allocation
20260401,109003,BU04,VEN002,Network,84872.44,PRJ002,Cloud consumption allocation
20260401,109004,BU04,VEN001,Network,194943.51,PRJ002,Cloud consumption allocation
20260401,110101,BU05,VEN001,Network,90051.34,PRJ001,Cloud consumption allocation
20260401,110102,BU05,VEN001,Storage,174528.23,PRJ002,Cloud consumption allocation
20260401,120201,BU06,VEN001,Network,160206.78,PRJ003,Cloud consumption allocation
20260401,120201,BU06,VEN002,Analytics,111991.79,PRJ001,Cloud consumption allocation
20260501,104001,BU03,VEN002,Network,180087.2,PRJ008,Cloud consumption allocation
20260501,104003,BU03,VEN001,Database,136761.96,PRJ004,Cloud consumption allocation
20260501,104003,BU03,VEN002,Database,50425.61,PRJ001,Cloud consumption allocation
20260501,104005,BU03,VEN001,Database,164665.96,PRJ010,Cloud consumption allocation
20260501,104018,BU06,VEN001,Compute,174514.63,PRJ003,Cloud consumption allocation
20260501,104018,BU06,VEN002,Analytics,122347.73,PRJ006,Cloud consumption allocation
20260501,104019,BU03,VEN001,Network,94177.16,PRJ004,Cloud consumption allocation
20260501,104019,BU03,VEN002,Compute,191579.41,PRJ001,Cloud consumption allocation
20260501,104022,BU03,VEN002,Database,235282.06,PRJ006,Cloud consumption allocation
20260501,104023,BU02,VEN001,Storage,210747.71,PRJ006,Cloud consumption allocation
20260501,104023,BU02,VEN002,Database,186041.65,PRJ005,Cloud consumption allocation
20260501,104026,BU01,VEN001,Database,190188.73,PRJ006,Cloud consumption allocation
20260501,104027,BU02,VEN001,Analytics,35124.74,PRJ010,Cloud consumption allocation
20260501,104027,BU02,VEN002,Database,172266.94,PRJ007,Cloud consumption allocation
20260501,104028,BU03,VEN001,Compute,197836.62,PRJ002,Cloud consumption allocation
20260501,104034,BU03,VEN002,Network,170268.13,PRJ008,Cloud consumption allocation
20260501,109003,BU04,VEN001,Analytics,152776.19,PRJ005,Cloud consumption allocation
20260501,109003,BU04,VEN002,Network,93236.95,PRJ006,Cloud consumption allocation
20260501,120201,BU06,VEN001,Network,158935.9,PRJ004,Cloud consumption allocation
20260501,120201,BU06,VEN002,Storage,77088.76,PRJ008,Cloud consumption allocation
20260601,104002,BU03,VEN001,Database,241807.32,PRJ005,Cloud consumption allocation
20260601,104003,BU03,VEN001,Compute,288123.18,PRJ005,Cloud consumption allocation
20260601,104005,BU03,VEN002,Compute,143232.56,PRJ005,Cloud consumption allocation
20260601,104018,BU06,VEN001,Network,213636.11,PRJ002,Cloud consumption allocation
20260601,104018,BU06,VEN002,Network,35956.73,PRJ010,Cloud consumption allocation
20260601,104022,BU03,VEN001,Database,192722.69,PRJ005,Cloud consumption allocation
20260601,104023,BU02,VEN001,Compute,201403.77,PRJ003,Cloud consumption allocation
20260601,104023,BU02,VEN002,Network,55191.39,PRJ008,Cloud consumption allocation
20260601,104026,BU01,VEN001,Compute,138673.71,PRJ004,Cloud consumption allocation
20260601,104026,BU01,VEN002,Analytics,73422.02,PRJ008,Cloud consumption allocation
20260601,104027,BU02,VEN001,Database,209105.99,PRJ002,Cloud consumption allocation
20260601,104027,BU02,VEN002,Storage,113683.8,PRJ003,Cloud consumption allocation
20260601,109003,BU04,VEN001,Network,131835.42,PRJ003,Cloud consumption allocation
20260601,109003,BU04,VEN002,Database,104421.49,PRJ003,Cloud consumption allocation
20260601,109004,BU04,VEN001,Compute,258863.89,PRJ010,Cloud consumption allocation
20260601,109004,BU04,VEN002,Analytics,48961.87,PRJ002,Cloud consumption allocation
20260601,110102,BU05,VEN002,Analytics,49585.07,PRJ008,Cloud consumption allocation
20260601,120201,BU06,VEN001,Storage,77905.85,PRJ002,Cloud consumption allocation
20260601,120201,BU06,VEN002,Network,70394.4,PRJ008,Cloud consumption allocation
20260701,104001,BU03,VEN002,Compute,54467.07,PRJ007,Cloud consumption allocation
20260701,104002,BU03,VEN001,Compute,197317.24,PRJ004,Cloud consumption allocation
20260701,104018,BU06,VEN001,Compute,77028.93,PRJ002,Cloud consumption allocation
20260701,104018,BU06,VEN002,Network,71689.57,PRJ008,Cloud consumption allocation
20260701,104019,BU03,VEN001,Compute,276263.12,PRJ004,Cloud consumption allocation
20260701,104019,BU03,VEN002,Database,100653.13,PRJ009,Cloud consumption allocation
20260701,104023,BU02,VEN001,Analytics,116165.34,PRJ003,Cloud consumption allocation
20260701,104023,BU02,VEN002,Storage,78475.83,PRJ009,Cloud consumption allocation
20260701,104027,BU02,VEN001,Analytics,84236.17,PRJ006,Cloud consumption allocation
20260701,104027,BU02,VEN002,Database,79556.53,PRJ005,Cloud consumption allocation
20260701,104028,BU03,VEN002,Compute,102303.1,PRJ006,Cloud consumption allocation
20260701,104034,BU03,VEN002,Compute,50448.01,PRJ006,Cloud consumption allocation
20260701,109003,BU04,VEN001,Network,55397.04,PRJ006,Cloud consumption allocation
20260701,109003,BU04,VEN002,Compute,51715.54,PRJ001,Cloud consumption allocation
20260701,110101,BU05,VEN002,Database,247250.51,PRJ005,Cloud consumption allocation
20260701,120201,BU06,VEN001,Network,204394.07,PRJ005,Cloud consumption allocation
20260701,120201,BU06,VEN002,Database,195563.87,PRJ001,Cloud consumption allocation
20260801,104001,BU03,VEN001,Analytics,53775.14,PRJ004,Cloud consumption allocation
20260801,104002,BU03,VEN002,Storage,121934.92,PRJ002,Cloud consumption allocation
20260801,104017,BU02,VEN001,Database,169803.4,PRJ009,Cloud consumption allocation
20260801,104018,BU06,VEN001,Storage,180234.05,PRJ007,Cloud consumption allocation
20260801,104018,BU06,VEN002,Database,166032.4,PRJ003,Cloud consumption allocation
20260801,104022,BU03,VEN002,Storage,192643.62,PRJ003,Cloud consumption allocation
20260801,104023,BU02,VEN001,Database,163752.45,PRJ003,Cloud consumption allocation
20260801,104023,BU02,VEN002,Database,48571.48,PRJ006,Cloud consumption allocation
20260801,104026,BU01,VEN002,Database,33425.4,PRJ008,Cloud consumption allocation
20260801,104027,BU02,VEN001,Compute,65234.74,PRJ003,Cloud consumption allocation
20260801,104027,BU02,VEN002,Compute,269282.59,PRJ005,Cloud consumption allocation
20260801,104028,BU03,VEN001,Database,169393.14,PRJ005,Cloud consumption allocation
20260801,109003,BU04,VEN001,Database,118491.76,PRJ004,Cloud consumption allocation
20260801,109003,BU04,VEN002,Storage,108920.43,PRJ006,Cloud consumption allocation
20260801,109004,BU04,VEN002,Analytics,192457.69,PRJ004,Cloud consumption allocation
20260801,120201,BU06,VEN001,Analytics,224984.16,PRJ009,Cloud consumption allocation
20260801,120201,BU06,VEN002,Storage,107486.36,PRJ006,Cloud consumption allocation
20260901,104002,BU03,VEN001,Storage,40206.31,PRJ001,Cloud consumption allocation
20260901,104003,BU03,VEN001,Storage,99229.04,PRJ001,Cloud consumption allocation
20260901,104018,BU06,VEN001,Storage,74751.83,PRJ007,Cloud consumption allocation
20260901,104018,BU06,VEN002,Database,210545.76,PRJ002,Cloud consumption allocation
20260901,104022,BU03,VEN002,Compute,74300.17,PRJ003,Cloud consumption allocation
20260901,104023,BU02,VEN001,Network,146984.42,PRJ006,Cloud consumption allocation
20260901,104023,BU02,VEN002,Network,206584.89,PRJ008,Cloud consumption allocation
20260901,104027,BU02,VEN001,Analytics,122353.45,PRJ008,Cloud consumption allocation
20260901,104027,BU02,VEN002,Network,169058.09,PRJ008,Cloud consumption allocation
20260901,104028,BU03,VEN001,Analytics,161083.97,PRJ007,Cloud consumption allocation
20260901,104028,BU03,VEN002,Network,233549.78,PRJ006,Cloud consumption allocation
20260901,109003,BU04,VEN001,Storage,99164.65,PRJ008,Cloud consumption allocation
20260901,109003,BU04,VEN002,Analytics,103906.2,PRJ008,Cloud consumption allocation
20260901,110101,BU05,VEN002,Compute,40973.85,PRJ006,Cloud consumption allocation
20260901,120201,BU06,VEN001,Database,140526.98,PRJ009,Cloud consumption allocation
20260901,120201,BU06,VEN002,Compute,45644.42,PRJ002,Cloud consumption allocation
20261001,104002,BU03,VEN001,Database,38526.98,PRJ008,Cloud consumption allocation
20261001,104002,BU03,VEN002,Storage,152279.77,PRJ006,Cloud consumption allocation
20261001,104005,BU03,VEN002,Storage,107016.24,PRJ004,Cloud consumption allocation
20261001,104017,BU02,VEN001,Compute,155841.43,PRJ010,Cloud consumption allocation
20261001,104017,BU02,VEN002,Network,98563.82,PRJ008,Cloud consumption allocation
20261001,104018,BU06,VEN001,Analytics,173087.94,PRJ007,Cloud consumption allocation
20261001,104018,BU06,VEN002,Storage,210692.5,PRJ010,Cloud consumption allocation
20261001,104019,BU03,VEN001,Compute,93386.6,PRJ009,Cloud consumption allocation
20261001,104019,BU03,VEN002,Analytics,184779.07,PRJ002,Cloud consumption allocation
20261001,104023,BU02,VEN001,Storage,175192.86,PRJ005,Cloud consumption allocation
20261001,104023,BU02,VEN002,Network,244823.09,PRJ003,Cloud consumption allocation
20261001,104027,BU02,VEN001,Database,237514.15,PRJ005,Cloud consumption allocation
20261001,104027,BU02,VEN002,Storage,75743.11,PRJ008,Cloud consumption allocation
20261001,104028,BU03,VEN002,Network,188973.14,PRJ003,Cloud consumption allocation
20261001,104034,BU03,VEN002,Storage,111308.6,PRJ003,Cloud consumption allocation
20261001,109003,BU04,VEN001,Storage,190910.06,PRJ002,Cloud consumption allocation
20261001,109003,BU04,VEN002,Compute,40605.46,PRJ004,Cloud consumption allocation
20261001,109004,BU04,VEN001,Database,109002.58,PRJ003,Cloud consumption allocation
20261001,110101,BU05,VEN002,Compute,167313.82,PRJ003,Cloud consumption allocation
20261001,120201,BU06,VEN001,Storage,191346.2,PRJ007,Cloud consumption allocation
20261001,120201,BU06,VEN002,Storage,162216.17,PRJ006,Cloud consumption allocation
20261101,104001,BU03,VEN001,Compute,158247.21,PRJ006,Cloud consumption allocation
20261101,104017,BU02,VEN001,Network,49445.34,PRJ001,Cloud consumption allocation
20261101,104017,BU02,VEN002,Database,169989.23,PRJ004,Cloud consumption allocation
20261101,104018,BU06,VEN001,Database,151604.64,PRJ005,Cloud consumption allocation
20261101,104018,BU06,VEN002,Compute,70102.48,PRJ001,Cloud consumption allocation
20261101,104019,BU03,VEN001,Network,56569.31,PRJ003,Cloud consumption allocation
20261101,104023,BU02,VEN001,Network,224377.9,PRJ005,Cloud consumption allocation
20261101,104023,BU02,VEN002,Database,52872.52,PRJ001,Cloud consumption allocation
20261101,104026,BU01,VEN002,Network,220538.81,PRJ005,Cloud consumption allocation
20261101,104027,BU02,VEN001,Compute,182173.18,PRJ007,Cloud consumption allocation
20261101,104027,BU02,VEN002,Analytics,217786.31,PRJ009,Cloud consumption allocation
20261101,104028,BU03,VEN002,Analytics,231953.19,PRJ008,Cloud consumption allocation
20261101,109003,BU04,VEN001,Analytics,190240.59,PRJ002,Cloud consumption allocation
20261101,109003,BU04,VEN002,Analytics,290583.81,PRJ005,Cloud consumption allocation
20261101,109004,BU04,VEN001,Storage,209050.95,PRJ009,Cloud consumption allocation
20261101,109004,BU04,VEN002,Network,275060.88,PRJ003,Cloud consumption allocation
20261101,110101,BU05,VEN001,Compute,72389.02,PRJ006,Cloud consumption allocation
20261101,110102,BU05,VEN002,Network,163838.25,PRJ008,Cloud consumption allocation
20261101,120201,BU06,VEN001,Compute,193596.26,PRJ004,Cloud consumption allocation
20261101,120201,BU06,VEN002,Analytics,60303.87,PRJ010,Cloud consumption allocation
20261201,104002,BU03,VEN001,Storage,67810.41,PRJ009,Cloud consumption allocation
20261201,104002,BU03,VEN002,Database,99667.58,PRJ008,Cloud consumption allocation
20261201,104018,BU06,VEN001,Network,234419.71,PRJ008,Cloud consumption allocation
20261201,104018,BU06,VEN002,Storage,186959.64,PRJ001,Cloud consumption allocation
20261201,104019,BU03,VEN002,Compute,162149.32,PRJ009,Cloud consumption allocation
20261201,104023,BU02,VEN001,Network,60953.18,PRJ010,Cloud consumption allocation
20261201,104023,BU02,VEN002,Storage,102901.67,PRJ003,Cloud consumption allocation
20261201,104027,BU02,VEN001,Database,224553.83,PRJ001,Cloud consumption allocation
20261201,104027,BU02,VEN002,Analytics,194401.71,PRJ010,Cloud consumption allocation
20261201,104028,BU03,VEN002,Storage,79808.93,PRJ006,Cloud consumption allocation
20261201,104034,BU03,VEN002,Network,191456.08,PRJ004,Cloud consumption allocation
20261201,109003,BU04,VEN001,Network,200741.16,PRJ006,Cloud consumption allocation
20261201,109003,BU04,VEN002,Analytics,172302.58,PRJ010,Cloud consumption allocation
20261201,110102,BU05,VEN001,Network,271996.99,PRJ001,Cloud consumption allocation
20261201,110102,BU05,VEN002,Database,185262.35,PRJ004,Cloud consumption allocation
20261201,120201,BU06,VEN001,Analytics,208058.5,PRJ007,Cloud consumption allocation
20261201,120201,BU06,VEN002,Network,107301.23,PRJ002,Cloud consumption allocation
