date_key,cost_center_key,business_unit_key,approved_positions,filled_positions,open_positions,vacancy_rate,monthly_labor_cost,notes
20220101,104001,BU03,14,14,0,0.0,190363.97,Monthly workforce snapshot
20220101,104002,BU03,10,9,1,0.1,82098.54,Monthly workforce snapshot
20220101,104003,BU03,12,12,0,0.0,127317.0,Monthly workforce snapshot
20220101,104005,BU03,17,15,2,0.1176,174871.0,Monthly workforce snapshot
20220101,104017,BU02,22,19,3,0.1364,216659.72,Monthly workforce snapshot
20220101,104018,BU06,7,6,1,0.1429,53499.18,Monthly workforce snapshot
20220101,104019,BU03,22,21,1,0.0455,233752.4,Monthly workforce snapshot
20220101,104022,BU03,17,16,1,0.0588,220873.76,Monthly workforce snapshot
20220101,104023,BU02,17,14,3,0.1765,149819.69,Monthly workforce snapshot
20220101,104026,BU01,7,5,2,0.2857,51062.17,Monthly workforce snapshot
20220101,104027,BU02,21,21,0,0.0,201816.51,Monthly workforce snapshot
20220101,104028,BU03,18,18,0,0.0,254516.82,Monthly workforce snapshot
20220101,104034,BU03,9,8,1,0.1111,76478.24,Monthly workforce snapshot
20220101,109003,BU04,10,8,2,0.2,107474.93,Monthly workforce snapshot
20220101,109004,BU04,7,7,0,0.0,74582.9,Monthly workforce snapshot
20220101,110101,BU05,11,9,2,0.1818,85867.83,Monthly workforce snapshot
20220101,110102,BU05,10,8,2,0.2,94631.01,Monthly workforce snapshot
20220101,120201,BU06,18,15,3,0.1667,204348.9,Monthly workforce snapshot
20220201,104001,BU03,8,6,2,0.25,58996.72,Monthly workforce snapshot
20220201,104002,BU03,11,11,0,0.0,118095.12,Monthly workforce snapshot
20220201,104003,BU03,6,4,2,0.3333,36356.8,Monthly workforce snapshot
20220201,104005,BU03,11,11,0,0.0,151546.08,Monthly workforce snapshot
20220201,104017,BU02,16,15,1,0.0625,159648.45,Monthly workforce snapshot
20220201,104018,BU06,18,17,1,0.0556,174867.38,Monthly workforce snapshot
20220201,104019,BU03,13,13,0,0.0,134466.32,Monthly workforce snapshot
20220201,104022,BU03,14,13,1,0.0714,189684.04,Monthly workforce snapshot
20220201,104023,BU02,14,13,1,0.0714,152518.04,Monthly workforce snapshot
20220201,104026,BU01,14,12,2,0.1429,176242.44,Monthly workforce snapshot
20220201,104027,BU02,11,8,3,0.2727,118596.91,Monthly workforce snapshot
20220201,104028,BU03,18,18,0,0.0,217690.68,Monthly workforce snapshot
20220201,104034,BU03,7,7,0,0.0,79988.37,Monthly workforce snapshot
20220201,109003,BU04,16,14,2,0.125,157348.15,Monthly workforce snapshot
20220201,109004,BU04,16,16,0,0.0,188119.57,Monthly workforce snapshot
20220201,110101,BU05,10,9,1,0.1,81865.11,Monthly workforce snapshot
20220201,110102,BU05,6,3,3,0.5,41866.12,Monthly workforce snapshot
20220201,120201,BU06,12,11,1,0.0833,146036.66,Monthly workforce snapshot
20220301,104001,BU03,15,14,1,0.0667,206092.13,Monthly workforce snapshot
20220301,104002,BU03,10,9,1,0.1,85909.68,Monthly workforce snapshot
20220301,104003,BU03,9,9,0,0.0,106575.21,Monthly workforce snapshot
20220301,104005,BU03,11,10,1,0.0909,133792.9,Monthly workforce snapshot
20220301,104017,BU02,16,15,1,0.0625,136195.4,Monthly workforce snapshot
20220301,104018,BU06,16,14,2,0.125,175421.35,Monthly workforce snapshot
20220301,104019,BU03,17,16,1,0.0588,209611.25,Monthly workforce snapshot
20220301,104022,BU03,13,13,0,0.0,131952.95,Monthly workforce snapshot
20220301,104023,BU02,8,7,1,0.125,91781.6,Monthly workforce snapshot
20220301,104026,BU01,11,8,3,0.2727,79312.88,Monthly workforce snapshot
20220301,104027,BU02,21,21,0,0.0,215342.12,Monthly workforce snapshot
20220301,104028,BU03,10,10,0,0.0,110783.67,Monthly workforce snapshot
20220301,104034,BU03,9,8,1,0.1111,116955.97,Monthly workforce snapshot
20220301,109003,BU04,8,7,1,0.125,68285.56,Monthly workforce snapshot
20220301,109004,BU04,14,11,3,0.2143,154213.84,Monthly workforce snapshot
20220301,110101,BU05,12,12,0,0.0,107055.4,Monthly workforce snapshot
20220301,110102,BU05,12,12,0,0.0,168385.8,Monthly workforce snapshot
20220301,120201,BU06,17,14,3,0.1765,148066.33,Monthly workforce snapshot
20220401,104001,BU03,15,13,2,0.1333,117122.55,Monthly workforce snapshot
20220401,104002,BU03,12,12,0,0.0,126773.88,Monthly workforce snapshot
20220401,104003,BU03,10,10,0,0.0,144014.63,Monthly workforce snapshot
20220401,104005,BU03,9,9,0,0.0,123395.19,Monthly workforce snapshot
20220401,104017,BU02,17,16,1,0.0588,167026.35,Monthly workforce snapshot
20220401,104018,BU06,12,11,1,0.0833,132336.42,Monthly workforce snapshot
20220401,104019,BU03,15,13,2,0.1333,144106.08,Monthly workforce snapshot
20220401,104022,BU03,19,18,1,0.0526,255037.62,Monthly workforce snapshot
20220401,104023,BU02,22,22,0,0.0,275075.61,Monthly workforce snapshot
20220401,104026,BU01,13,10,3,0.2308,147450.47,Monthly workforce snapshot
20220401,104027,BU02,13,11,2,0.1538,135515.67,Monthly workforce snapshot
20220401,104028,BU03,13,12,1,0.0769,153184.64,Monthly workforce snapshot
20220401,104034,BU03,14,14,0,0.0,207813.67,Monthly workforce snapshot
20220401,109003,BU04,7,6,1,0.1429,77739.94,Monthly workforce snapshot
20220401,109004,BU04,6,4,2,0.3333,48949.83,Monthly workforce snapshot
20220401,110101,BU05,10,8,2,0.2,94405.33,Monthly workforce snapshot
20220401,110102,BU05,11,8,3,0.2727,103403.6,Monthly workforce snapshot
20220401,120201,BU06,6,6,0,0.0,74169.98,Monthly workforce snapshot
20220501,104001,BU03,19,17,2,0.1053,254008.73,Monthly workforce snapshot
20220501,104002,BU03,17,16,1,0.0588,184126.77,Monthly workforce snapshot
20220501,104003,BU03,22,21,1,0.0455,202055.21,Monthly workforce snapshot
20220501,104005,BU03,9,9,0,0.0,126306.09,Monthly workforce snapshot
20220501,104017,BU02,10,9,1,0.1,100709.7,Monthly workforce snapshot
20220501,104018,BU06,9,9,0,0.0,109582.83,Monthly workforce snapshot
20220501,104019,BU03,15,15,0,0.0,190443.85,Monthly workforce snapshot
20220501,104022,BU03,11,11,0,0.0,149345.5,Monthly workforce snapshot
20220501,104023,BU02,12,12,0,0.0,164724.08,Monthly workforce snapshot
20220501,104026,BU01,6,6,0,0.0,63954.24,Monthly workforce snapshot
20220501,104027,BU02,15,13,2,0.1333,175176.04,Monthly workforce snapshot
20220501,104028,BU03,14,11,3,0.2143,160805.37,Monthly workforce snapshot
20220501,104034,BU03,13,13,0,0.0,178700.95,Monthly workforce snapshot
20220501,109003,BU04,21,18,3,0.1429,247220.04,Monthly workforce snapshot
20220501,109004,BU04,11,11,0,0.0,137987.92,Monthly workforce snapshot
20220501,110101,BU05,20,20,0,0.0,275606.53,Monthly workforce snapshot
20220501,110102,BU05,22,22,0,0.0,312496.95,Monthly workforce snapshot
20220501,120201,BU06,17,14,3,0.1765,146751.31,Monthly workforce snapshot
20220601,104001,BU03,13,12,1,0.0769,111663.24,Monthly workforce snapshot
20220601,104002,BU03,8,8,0,0.0,89451.12,Monthly workforce snapshot
20220601,104003,BU03,22,21,1,0.0455,297569.93,Monthly workforce snapshot
20220601,104005,BU03,16,14,2,0.125,180345.81,Monthly workforce snapshot
20220601,104017,BU02,9,7,2,0.2222,96415.27,Monthly workforce snapshot
20220601,104018,BU06,9,6,3,0.3333,88428.12,Monthly workforce snapshot
20220601,104019,BU03,11,10,1,0.0909,142881.07,Monthly workforce snapshot
20220601,104022,BU03,11,9,2,0.1818,115032.63,Monthly workforce snapshot
20220601,104023,BU02,7,6,1,0.1429,64670.34,Monthly workforce snapshot
20220601,104026,BU01,15,14,1,0.0667,149164.35,Monthly workforce snapshot
20220601,104027,BU02,7,5,2,0.2857,60033.05,Monthly workforce snapshot
20220601,104028,BU03,8,7,1,0.125,71008.19,Monthly workforce snapshot
20220601,104034,BU03,22,21,1,0.0455,299948.25,Monthly workforce snapshot
20220601,109003,BU04,11,9,2,0.1818,96342.42,Monthly workforce snapshot
20220601,109004,BU04,16,13,3,0.1875,119496.22,Monthly workforce snapshot
20220601,110101,BU05,15,14,1,0.0667,197901.11,Monthly workforce snapshot
20220601,110102,BU05,16,16,0,0.0,165186.19,Monthly workforce snapshot
20220601,120201,BU06,20,17,3,0.15,213983.08,Monthly workforce snapshot
20220701,104001,BU03,8,8,0,0.0,103412.69,Monthly workforce snapshot
20220701,104002,BU03,21,20,1,0.0476,276356.73,Monthly workforce snapshot
20220701,104003,BU03,18,18,0,0.0,222197.46,Monthly workforce snapshot
20220701,104005,BU03,17,14,3,0.1765,150431.63,Monthly workforce snapshot
20220701,104017,BU02,11,11,0,0.0,151052.77,Monthly workforce snapshot
20220701,104018,BU06,9,8,1,0.1111,118336.51,Monthly workforce snapshot
20220701,104019,BU03,7,7,0,0.0,86052.07,Monthly workforce snapshot
20220701,104022,BU03,10,9,1,0.1,121490.55,Monthly workforce snapshot
20220701,104023,BU02,15,14,1,0.0667,142906.07,Monthly workforce snapshot
20220701,104026,BU01,19,19,0,0.0,212709.5,Monthly workforce snapshot
20220701,104027,BU02,21,19,2,0.0952,199223.36,Monthly workforce snapshot
20220701,104028,BU03,14,13,1,0.0714,170229.89,Monthly workforce snapshot
20220701,104034,BU03,22,21,1,0.0455,240737.63,Monthly workforce snapshot
20220701,109003,BU04,18,18,0,0.0,264010.26,Monthly workforce snapshot
20220701,109004,BU04,13,12,1,0.0769,129196.84,Monthly workforce snapshot
20220701,110101,BU05,12,12,0,0.0,106839.64,Monthly workforce snapshot
20220701,110102,BU05,16,13,3,0.1875,136285.2,Monthly workforce snapshot
20220701,120201,BU06,21,18,3,0.1429,247417.2,Monthly workforce snapshot
20220801,104001,BU03,10,9,1,0.1,88755.48,Monthly workforce snapshot
20220801,104002,BU03,22,22,0,0.0,289647.67,Monthly workforce snapshot
20220801,104003,BU03,19,18,1,0.0526,257874.12,Monthly workforce snapshot
20220801,104005,BU03,20,17,3,0.15,232159.31,Monthly workforce snapshot
20220801,104017,BU02,21,18,3,0.1429,173645.88,Monthly workforce snapshot
20220801,104018,BU06,16,15,1,0.0625,219932.6,Monthly workforce snapshot
20220801,104019,BU03,15,14,1,0.0667,201517.77,Monthly workforce snapshot
20220801,104022,BU03,13,10,3,0.2308,90046.73,Monthly workforce snapshot
20220801,104023,BU02,15,15,0,0.0,137571.8,Monthly workforce snapshot
20220801,104026,BU01,11,11,0,0.0,138217.53,Monthly workforce snapshot
20220801,104027,BU02,16,15,1,0.0625,141375.5,Monthly workforce snapshot
20220801,104028,BU03,13,12,1,0.0769,159244.52,Monthly workforce snapshot
20220801,104034,BU03,6,5,1,0.1667,61428.57,Monthly workforce snapshot
20220801,109003,BU04,7,4,3,0.4286,36756.49,Monthly workforce snapshot
20220801,109004,BU04,18,17,1,0.0556,200960.91,Monthly workforce snapshot
20220801,110101,BU05,9,9,0,0.0,115353.48,Monthly workforce snapshot
20220801,110102,BU05,8,7,1,0.125,90776.16,Monthly workforce snapshot
20220801,120201,BU06,6,3,3,0.5,39632.57,Monthly workforce snapshot
20220901,104001,BU03,16,15,1,0.0625,136458.9,Monthly workforce snapshot
20220901,104002,BU03,16,15,1,0.0625,179536.5,Monthly workforce snapshot
20220901,104003,BU03,21,20,1,0.0476,278656.93,Monthly workforce snapshot
20220901,104005,BU03,7,7,0,0.0,78298.66,Monthly workforce snapshot
20220901,104017,BU02,20,20,0,0.0,192069.8,Monthly workforce snapshot
20220901,104018,BU06,9,6,3,0.3333,57305.98,Monthly workforce snapshot
20220901,104019,BU03,13,10,3,0.2308,147518.67,Monthly workforce snapshot
20220901,104022,BU03,7,6,1,0.1429,78692.26,Monthly workforce snapshot
20220901,104023,BU02,11,10,1,0.0909,92427.53,Monthly workforce snapshot
20220901,104026,BU01,14,13,1,0.0714,147953.39,Monthly workforce snapshot
20220901,104027,BU02,18,18,0,0.0,201882.54,Monthly workforce snapshot
20220901,104028,BU03,12,11,1,0.0833,132563.75,Monthly workforce snapshot
20220901,104034,BU03,19,19,0,0.0,278379.07,Monthly workforce snapshot
20220901,109003,BU04,13,10,3,0.2308,145647.3,Monthly workforce snapshot
20220901,109004,BU04,12,11,1,0.0833,127343.04,Monthly workforce snapshot
20220901,110101,BU05,21,21,0,0.0,196061.67,Monthly workforce snapshot
20220901,110102,BU05,16,16,0,0.0,194761.01,Monthly workforce snapshot
20220901,120201,BU06,11,9,2,0.1818,92106.27,Monthly workforce snapshot
20221001,104001,BU03,19,17,2,0.1053,168555.68,Monthly workforce snapshot
20221001,104002,BU03,8,8,0,0.0,71405.81,Monthly workforce snapshot
20221001,104003,BU03,16,15,1,0.0625,207289.25,Monthly workforce snapshot
20221001,104005,BU03,12,10,2,0.1667,99147.3,Monthly workforce snapshot
20221001,104017,BU02,8,8,0,0.0,97511.95,Monthly workforce snapshot
20221001,104018,BU06,8,7,1,0.125,87808.33,Monthly workforce snapshot
20221001,104019,BU03,19,18,1,0.0526,246176.58,Monthly workforce snapshot
20221001,104022,BU03,7,4,3,0.4286,51644.76,Monthly workforce snapshot
20221001,104023,BU02,14,13,1,0.0714,129236.73,Monthly workforce snapshot
20221001,104026,BU01,14,11,3,0.2143,141036.46,Monthly workforce snapshot
20221001,104027,BU02,8,8,0,0.0,118330.72,Monthly workforce snapshot
20221001,104028,BU03,8,7,1,0.125,78566.3,Monthly workforce snapshot
20221001,104034,BU03,20,19,1,0.05,207398.68,Monthly workforce snapshot
20221001,109003,BU04,11,8,3,0.2727,80286.69,Monthly workforce snapshot
20221001,109004,BU04,12,11,1,0.0833,121722.22,Monthly workforce snapshot
20221001,110101,BU05,17,17,0,0.0,210048.15,Monthly workforce snapshot
20221001,110102,BU05,22,22,0,0.0,220213.25,Monthly workforce snapshot
20221001,120201,BU06,22,19,3,0.1364,269224.05,Monthly workforce snapshot
20221101,104001,BU03,9,6,3,0.3333,63371.44,Monthly workforce snapshot
20221101,104002,BU03,22,21,1,0.0455,248927.21,Monthly workforce snapshot
20221101,104003,BU03,15,14,1,0.0667,197468.55,Monthly workforce snapshot
20221101,104005,BU03,10,9,1,0.1,96259.65,Monthly workforce snapshot
20221101,104017,BU02,6,6,0,0.0,60791.0,Monthly workforce snapshot
20221101,104018,BU06,19,19,0,0.0,271489.73,Monthly workforce snapshot
20221101,104019,BU03,10,8,2,0.2,87110.83,Monthly workforce snapshot
20221101,104022,BU03,6,6,0,0.0,57066.66,Monthly workforce snapshot
20221101,104023,BU02,19,18,1,0.0526,158719.38,Monthly workforce snapshot
20221101,104026,BU01,21,20,1,0.0476,274234.27,Monthly workforce snapshot
20221101,104027,BU02,17,17,0,0.0,239050.71,Monthly workforce snapshot
20221101,104028,BU03,7,5,2,0.2857,71740.2,Monthly workforce snapshot
20221101,104034,BU03,13,11,2,0.1538,134432.43,Monthly workforce snapshot
20221101,109003,BU04,16,16,0,0.0,196983.09,Monthly workforce snapshot
20221101,109004,BU04,11,10,1,0.0909,141155.4,Monthly workforce snapshot
20221101,110101,BU05,13,12,1,0.0769,136638.08,Monthly workforce snapshot
20221101,110102,BU05,15,15,0,0.0,143902.0,Monthly workforce snapshot
20221101,120201,BU06,20,20,0,0.0,203155.4,Monthly workforce snapshot
20221201,104001,BU03,11,10,1,0.0909,121408.4,Monthly workforce snapshot
20221201,104002,BU03,10,10,0,0.0,147624.07,Monthly workforce snapshot
20221201,104003,BU03,17,17,0,0.0,163080.15,Monthly workforce snapshot
20221201,104005,BU03,20,20,0,0.0,251500.93,Monthly workforce snapshot
20221201,104017,BU02,9,9,0,0.0,129637.35,Monthly workforce snapshot
20221201,104018,BU06,13,11,2,0.1538,127734.05,Monthly workforce snapshot
20221201,104019,BU03,18,17,1,0.0556,170579.36,Monthly workforce snapshot
20221201,104022,BU03,19,17,2,0.1053,217802.07,Monthly workforce snapshot
20221201,104023,BU02,14,14,0,0.0,137567.87,Monthly workforce snapshot
20221201,104026,BU01,6,5,1,0.1667,60745.02,Monthly workforce snapshot
20221201,104027,BU02,7,6,1,0.1429,67599.84,Monthly workforce snapshot
20221201,104028,BU03,10,9,1,0.1,82433.34,Monthly workforce snapshot
20221201,104034,BU03,12,12,0,0.0,122311.12,Monthly workforce snapshot
20221201,109003,BU04,20,19,1,0.05,252981.39,Monthly workforce snapshot
20221201,109004,BU04,18,17,1,0.0556,161571.17,Monthly workforce snapshot
20221201,110101,BU05,8,7,1,0.125,65207.78,Monthly workforce snapshot
20221201,110102,BU05,14,14,0,0.0,200866.77,Monthly workforce snapshot
20221201,120201,BU06,14,12,2,0.1429,116951.84,Monthly workforce snapshot
20230101,104001,BU03,6,6,0,0.0,77123.66,Monthly workforce snapshot
20230101,104002,BU03,19,19,0,0.0,245518.76,Monthly workforce snapshot
20230101,104003,BU03,7,6,1,0.1429,70830.66,Monthly workforce snapshot
20230101,104005,BU03,8,7,1,0.125,73212.18,Monthly workforce snapshot
20230101,104017,BU02,22,22,0,0.0,199057.61,Monthly workforce snapshot
20230101,104018,BU06,16,14,2,0.125,189652.21,Monthly workforce snapshot
20230101,104019,BU03,7,6,1,0.1429,57615.98,Monthly workforce snapshot
20230101,104022,BU03,8,7,1,0.125,66642.87,Monthly workforce snapshot
20230101,104023,BU02,16,14,2,0.125,183972.6,Monthly workforce snapshot
20230101,104026,BU01,6,6,0,0.0,59352.6,Monthly workforce snapshot
20230101,104027,BU02,11,10,1,0.0909,117056.0,Monthly workforce snapshot
20230101,104028,BU03,19,18,1,0.0526,213079.74,Monthly workforce snapshot
20230101,104034,BU03,7,4,3,0.4286,37292.17,Monthly workforce snapshot
20230101,109003,BU04,6,5,1,0.1667,44266.97,Monthly workforce snapshot
20230101,109004,BU04,6,4,2,0.3333,40432.27,Monthly workforce snapshot
20230101,110101,BU05,12,12,0,0.0,120458.56,Monthly workforce snapshot
20230101,110102,BU05,14,11,3,0.2143,152309.92,Monthly workforce snapshot
20230101,120201,BU06,9,9,0,0.0,104990.49,Monthly workforce snapshot
20230201,104001,BU03,18,18,0,0.0,218713.68,Monthly workforce snapshot
20230201,104002,BU03,15,13,2,0.1333,133954.51,Monthly workforce snapshot
20230201,104003,BU03,10,9,1,0.1,126670.65,Monthly workforce snapshot
20230201,104005,BU03,13,13,0,0.0,131999.96,Monthly workforce snapshot
20230201,104017,BU02,15,15,0,0.0,190245.45,Monthly workforce snapshot
20230201,104018,BU06,20,17,3,0.15,202125.58,Monthly workforce snapshot
20230201,104019,BU03,8,7,1,0.125,89911.06,Monthly workforce snapshot
20230201,104022,BU03,14,14,0,0.0,163982.56,Monthly workforce snapshot
20230201,104023,BU02,10,10,0,0.0,116791.47,Monthly workforce snapshot
20230201,104026,BU01,21,21,0,0.0,276162.88,Monthly workforce snapshot
20230201,104027,BU02,8,8,0,0.0,93199.23,Monthly workforce snapshot
20230201,104028,BU03,15,15,0,0.0,215228.35,Monthly workforce snapshot
20230201,104034,BU03,11,11,0,0.0,146518.61,Monthly workforce snapshot
20230201,109003,BU04,22,19,3,0.1364,247173.85,Monthly workforce snapshot
20230201,109004,BU04,15,12,3,0.2,170712.04,Monthly workforce snapshot
20230201,110101,BU05,10,9,1,0.1,109917.63,Monthly workforce snapshot
20230201,110102,BU05,16,13,3,0.1875,192625.94,Monthly workforce snapshot
20230201,120201,BU06,16,13,3,0.1875,129661.22,Monthly workforce snapshot
20230301,104001,BU03,22,22,0,0.0,320792.34,Monthly workforce snapshot
20230301,104002,BU03,19,18,1,0.0526,219407.46,Monthly workforce snapshot
20230301,104003,BU03,22,19,3,0.1364,282160.45,Monthly workforce snapshot
20230301,104005,BU03,17,17,0,0.0,219154.71,Monthly workforce snapshot
20230301,104017,BU02,8,8,0,0.0,72134.93,Monthly workforce snapshot
20230301,104018,BU06,16,16,0,0.0,225987.52,Monthly workforce snapshot
20230301,104019,BU03,12,11,1,0.0833,115024.98,Monthly workforce snapshot
20230301,104022,BU03,20,19,1,0.05,176391.76,Monthly workforce snapshot
20230301,104023,BU02,21,18,3,0.1429,176303.82,Monthly workforce snapshot
20230301,104026,BU01,19,19,0,0.0,283583.87,Monthly workforce snapshot
20230301,104027,BU02,20,20,0,0.0,220348.0,Monthly workforce snapshot
20230301,104028,BU03,11,9,2,0.1818,130858.44,Monthly workforce snapshot
20230301,104034,BU03,15,12,3,0.2,169499.32,Monthly workforce snapshot
20230301,109003,BU04,18,17,1,0.0556,212769.22,Monthly workforce snapshot
20230301,109004,BU04,17,17,0,0.0,251421.16,Monthly workforce snapshot
20230301,110101,BU05,11,10,1,0.0909,127826.43,Monthly workforce snapshot
20230301,110102,BU05,11,10,1,0.0909,110991.37,Monthly workforce snapshot
20230301,120201,BU06,22,20,2,0.0909,261472.6,Monthly workforce snapshot
20230401,104001,BU03,16,16,0,0.0,158339.73,Monthly workforce snapshot
20230401,104002,BU03,16,13,3,0.1875,138094.67,Monthly workforce snapshot
20230401,104003,BU03,22,21,1,0.0455,225899.17,Monthly workforce snapshot
20230401,104005,BU03,11,10,1,0.0909,112724.27,Monthly workforce snapshot
20230401,104017,BU02,20,19,1,0.05,262421.1,Monthly workforce snapshot
20230401,104018,BU06,15,15,0,0.0,188458.3,Monthly workforce snapshot
20230401,104019,BU03,8,8,0,0.0,70972.64,Monthly workforce snapshot
20230401,104022,BU03,20,19,1,0.05,266510.72,Monthly workforce snapshot
20230401,104023,BU02,8,6,2,0.25,60742.02,Monthly workforce snapshot
20230401,104026,BU01,22,22,0,0.0,247827.43,Monthly workforce snapshot
20230401,104027,BU02,10,10,0,0.0,115685.8,Monthly workforce snapshot
20230401,104028,BU03,17,14,3,0.1765,183411.29,Monthly workforce snapshot
20230401,104034,BU03,11,10,1,0.0909,122140.0,Monthly workforce snapshot
20230401,109003,BU04,15,12,3,0.2,178047.88,Monthly workforce snapshot
20230401,109004,BU04,12,12,0,0.0,114786.8,Monthly workforce snapshot
20230401,110101,BU05,13,13,0,0.0,155008.58,Monthly workforce snapshot
20230401,110102,BU05,7,7,0,0.0,96840.59,Monthly workforce snapshot
20230401,120201,BU06,20,20,0,0.0,235199.07,Monthly workforce snapshot
20230501,104001,BU03,6,5,1,0.1667,67749.47,Monthly workforce snapshot
20230501,104002,BU03,22,20,2,0.0909,187977.8,Monthly workforce snapshot
20230501,104003,BU03,22,21,1,0.0455,245928.27,Monthly workforce snapshot
20230501,104005,BU03,19,19,0,0.0,226032.68,Monthly workforce snapshot
20230501,104017,BU02,9,7,2,0.2222,68911.24,Monthly workforce snapshot
20230501,104018,BU06,22,21,1,0.0455,192218.6,Monthly workforce snapshot
20230501,104019,BU03,19,19,0,0.0,216031.46,Monthly workforce snapshot
20230501,104022,BU03,13,12,1,0.0769,179781.4,Monthly workforce snapshot
20230501,104023,BU02,17,16,1,0.0588,192261.17,Monthly workforce snapshot
20230501,104026,BU01,22,20,2,0.0909,234374.47,Monthly workforce snapshot
20230501,104027,BU02,8,7,1,0.125,94077.46,Monthly workforce snapshot
20230501,104028,BU03,15,15,0,0.0,146182.05,Monthly workforce snapshot
20230501,104034,BU03,11,11,0,0.0,96709.87,Monthly workforce snapshot
20230501,109003,BU04,8,7,1,0.125,86745.03,Monthly workforce snapshot
20230501,109004,BU04,16,14,2,0.125,151298.19,Monthly workforce snapshot
20230501,110101,BU05,10,10,0,0.0,116399.83,Monthly workforce snapshot
20230501,110102,BU05,17,15,2,0.1176,168946.9,Monthly workforce snapshot
20230501,120201,BU06,19,19,0,0.0,236208.63,Monthly workforce snapshot
20230601,104001,BU03,21,21,0,0.0,296350.39,Monthly workforce snapshot
20230601,104002,BU03,16,16,0,0.0,188012.11,Monthly workforce snapshot
20230601,104003,BU03,19,19,0,0.0,250645.02,Monthly workforce snapshot
20230601,104005,BU03,13,13,0,0.0,173146.26,Monthly workforce snapshot
20230601,104017,BU02,22,21,1,0.0455,308682.5,Monthly workforce snapshot
20230601,104018,BU06,10,9,1,0.1,121843.02,Monthly workforce snapshot
20230601,104019,BU03,18,15,3,0.1667,213506.3,Monthly workforce snapshot
20230601,104022,BU03,19,16,3,0.1579,194245.17,Monthly workforce snapshot
20230601,104023,BU02,18,17,1,0.0556,155772.42,Monthly workforce snapshot
20230601,104026,BU01,14,14,0,0.0,194442.13,Monthly workforce snapshot
20230601,104027,BU02,18,18,0,0.0,210771.48,Monthly workforce snapshot
20230601,104028,BU03,12,10,2,0.1667,132483.67,Monthly workforce snapshot
20230601,104034,BU03,15,13,2,0.1333,190181.07,Monthly workforce snapshot
20230601,109003,BU04,22,19,3,0.1364,237298.28,Monthly workforce snapshot
20230601,109004,BU04,12,9,3,0.25,129216.06,Monthly workforce snapshot
20230601,110101,BU05,22,21,1,0.0455,257173.21,Monthly workforce snapshot
20230601,110102,BU05,18,15,3,0.1667,205106.85,Monthly workforce snapshot
20230601,120201,BU06,7,7,0,0.0,93472.75,Monthly workforce snapshot
20230701,104001,BU03,21,21,0,0.0,258867.98,Monthly workforce snapshot
20230701,104002,BU03,20,18,2,0.1,248254.2,Monthly workforce snapshot
20230701,104003,BU03,13,12,1,0.0769,131895.08,Monthly workforce snapshot
20230701,104005,BU03,15,14,1,0.0667,149385.69,Monthly workforce snapshot
20230701,104017,BU02,14,12,2,0.1429,113669.56,Monthly workforce snapshot
20230701,104018,BU06,16,14,2,0.125,175509.6,Monthly workforce snapshot
20230701,104019,BU03,15,12,3,0.2,172998.6,Monthly workforce snapshot
20230701,104022,BU03,11,11,0,0.0,148306.58,Monthly workforce snapshot
20230701,104023,BU02,20,20,0,0.0,275468.07,Monthly workforce snapshot
20230701,104026,BU01,7,7,0,0.0,99559.6,Monthly workforce snapshot
20230701,104027,BU02,11,10,1,0.0909,126810.67,Monthly workforce snapshot
20230701,104028,BU03,22,19,3,0.1364,195677.58,Monthly workforce snapshot
20230701,104034,BU03,6,5,1,0.1667,62147.25,Monthly workforce snapshot
20230701,109003,BU04,19,19,0,0.0,178394.36,Monthly workforce snapshot
20230701,109004,BU04,22,22,0,0.0,293305.47,Monthly workforce snapshot
20230701,110101,BU05,21,20,1,0.0476,216113.4,Monthly workforce snapshot
20230701,110102,BU05,19,19,0,0.0,204769.78,Monthly workforce snapshot
20230701,120201,BU06,19,19,0,0.0,176089.4,Monthly workforce snapshot
20230801,104001,BU03,13,12,1,0.0769,171943.36,Monthly workforce snapshot
20230801,104002,BU03,17,15,2,0.1176,186333.25,Monthly workforce snapshot
20230801,104003,BU03,13,12,1,0.0769,144044.6,Monthly workforce snapshot
20230801,104005,BU03,13,12,1,0.0769,137142.76,Monthly workforce snapshot
20230801,104017,BU02,20,20,0,0.0,218723.6,Monthly workforce snapshot
20230801,104018,BU06,16,13,3,0.1875,122995.6,Monthly workforce snapshot
20230801,104019,BU03,22,21,1,0.0455,264668.39,Monthly workforce snapshot
20230801,104022,BU03,9,8,1,0.1111,74621.55,Monthly workforce snapshot
20230801,104023,BU02,18,17,1,0.0556,182248.9,Monthly workforce snapshot
20230801,104026,BU01,9,9,0,0.0,99946.17,Monthly workforce snapshot
20230801,104027,BU02,14,13,1,0.0714,168678.34,Monthly workforce snapshot
20230801,104028,BU03,19,19,0,0.0,279672.91,Monthly workforce snapshot
20230801,104034,BU03,16,16,0,0.0,152896.96,Monthly workforce snapshot
20230801,109003,BU04,16,15,1,0.0625,187931.3,Monthly workforce snapshot
20230801,109004,BU04,6,6,0,0.0,69563.38,Monthly workforce snapshot
20230801,110101,BU05,13,11,2,0.1538,111502.45,Monthly workforce snapshot
20230801,110102,BU05,14,14,0,0.0,188465.95,Monthly workforce snapshot
20230801,120201,BU06,9,9,0,0.0,122255.94,Monthly workforce snapshot
20230901,104001,BU03,10,10,0,0.0,108353.27,Monthly workforce snapshot
20230901,104002,BU03,8,7,1,0.125,67691.7,Monthly workforce snapshot
20230901,104003,BU03,7,7,0,0.0,71081.24,Monthly workforce snapshot
20230901,104005,BU03,13,13,0,0.0,163256.64,Monthly workforce snapshot
20230901,104017,BU02,18,16,2,0.1111,219625.49,Monthly workforce snapshot
20230901,104018,BU06,8,7,1,0.125,68810.7,Monthly workforce snapshot
20230901,104019,BU03,7,6,1,0.1429,56958.16,Monthly workforce snapshot
20230901,104022,BU03,18,18,0,0.0,195231.18,Monthly workforce snapshot
20230901,104023,BU02,10,10,0,0.0,98656.47,Monthly workforce snapshot
20230901,104026,BU01,9,8,1,0.1111,108570.27,Monthly workforce snapshot
20230901,104027,BU02,17,14,3,0.1765,193399.08,Monthly workforce snapshot
20230901,104028,BU03,15,13,2,0.1333,154023.91,Monthly workforce snapshot
20230901,104034,BU03,7,4,3,0.4286,38723.13,Monthly workforce snapshot
20230901,109003,BU04,8,5,3,0.375,56502.67,Monthly workforce snapshot
20230901,109004,BU04,12,10,2,0.1667,130253.73,Monthly workforce snapshot
20230901,110101,BU05,12,12,0,0.0,119874.52,Monthly workforce snapshot
20230901,110102,BU05,12,12,0,0.0,170788.92,Monthly workforce snapshot
20230901,120201,BU06,8,8,0,0.0,101346.85,Monthly workforce snapshot
20231001,104001,BU03,6,6,0,0.0,56280.5,Monthly workforce snapshot
20231001,104002,BU03,9,8,1,0.1111,105133.81,Monthly workforce snapshot
20231001,104003,BU03,10,8,2,0.2,89727.23,Monthly workforce snapshot
20231001,104005,BU03,9,6,3,0.3333,63732.9,Monthly workforce snapshot
20231001,104017,BU02,9,8,1,0.1111,88486.4,Monthly workforce snapshot
20231001,104018,BU06,12,10,2,0.1667,125253.43,Monthly workforce snapshot
20231001,104019,BU03,13,11,2,0.1538,99271.92,Monthly workforce snapshot
20231001,104022,BU03,7,7,0,0.0,68634.21,Monthly workforce snapshot
20231001,104023,BU02,10,7,3,0.3,76892.5,Monthly workforce snapshot
20231001,104026,BU01,10,9,1,0.1,79088.13,Monthly workforce snapshot
20231001,104027,BU02,16,15,1,0.0625,195571.25,Monthly workforce snapshot
20231001,104028,BU03,19,18,1,0.0526,216137.58,Monthly workforce snapshot
20231001,104034,BU03,9,9,0,0.0,112650.9,Monthly workforce snapshot
20231001,109003,BU04,21,18,3,0.1429,195426.48,Monthly workforce snapshot
20231001,109004,BU04,17,17,0,0.0,241731.39,Monthly workforce snapshot
20231001,110101,BU05,20,19,1,0.05,231155.01,Monthly workforce snapshot
20231001,110102,BU05,16,13,3,0.1875,157041.04,Monthly workforce snapshot
20231001,120201,BU06,14,12,2,0.1429,136481.84,Monthly workforce snapshot
20231101,104001,BU03,6,5,1,0.1667,51671.32,Monthly workforce snapshot
20231101,104002,BU03,18,16,2,0.1111,207686.77,Monthly workforce snapshot
20231101,104003,BU03,14,13,1,0.0714,133493.75,Monthly workforce snapshot
20231101,104005,BU03,10,9,1,0.1,110489.58,Monthly workforce snapshot
20231101,104017,BU02,12,12,0,0.0,153383.04,Monthly workforce snapshot
20231101,104018,BU06,8,8,0,0.0,119205.33,Monthly workforce snapshot
20231101,104019,BU03,8,8,0,0.0,72869.01,Monthly workforce snapshot
20231101,104022,BU03,20,17,3,0.15,204936.25,Monthly workforce snapshot
20231101,104023,BU02,13,13,0,0.0,177912.41,Monthly workforce snapshot
20231101,104026,BU01,14,13,1,0.0714,134845.14,Monthly workforce snapshot
20231101,104027,BU02,15,15,0,0.0,166324.3,Monthly workforce snapshot
20231101,104028,BU03,22,21,1,0.0455,211290.73,Monthly workforce snapshot
20231101,104034,BU03,17,17,0,0.0,231421.51,Monthly workforce snapshot
20231101,109003,BU04,10,9,1,0.1,133092.3,Monthly workforce snapshot
20231101,109004,BU04,8,8,0,0.0,97564.03,Monthly workforce snapshot
20231101,110101,BU05,17,16,1,0.0588,189698.51,Monthly workforce snapshot
20231101,110102,BU05,10,9,1,0.1,133999.98,Monthly workforce snapshot
20231101,120201,BU06,21,18,3,0.1429,253852.8,Monthly workforce snapshot
20231201,104001,BU03,20,18,2,0.1,194799.66,Monthly workforce snapshot
20231201,104002,BU03,17,17,0,0.0,214582.1,Monthly workforce snapshot
20231201,104003,BU03,8,7,1,0.125,91291.18,Monthly workforce snapshot
20231201,104005,BU03,15,15,0,0.0,183203.8,Monthly workforce snapshot
20231201,104017,BU02,8,7,1,0.125,86281.37,Monthly workforce snapshot
20231201,104018,BU06,8,7,1,0.125,104097.07,Monthly workforce snapshot
20231201,104019,BU03,15,13,2,0.1333,154022.57,Monthly workforce snapshot
20231201,104022,BU03,18,16,2,0.1111,153232.59,Monthly workforce snapshot
20231201,104023,BU02,6,3,3,0.5,40337.2,Monthly workforce snapshot
20231201,104026,BU01,19,16,3,0.1579,185823.09,Monthly workforce snapshot
20231201,104027,BU02,14,13,1,0.0714,140448.19,Monthly workforce snapshot
20231201,104028,BU03,20,19,1,0.05,213090.38,Monthly workforce snapshot
20231201,104034,BU03,10,9,1,0.1,122488.44,Monthly workforce snapshot
20231201,109003,BU04,12,11,1,0.0833,97569.19,Monthly workforce snapshot
20231201,109004,BU04,18,18,0,0.0,250731.72,Monthly workforce snapshot
20231201,110101,BU05,8,7,1,0.125,80656.01,Monthly workforce snapshot
20231201,110102,BU05,21,20,1,0.0476,182377.13,Monthly workforce snapshot
20231201,120201,BU06,6,5,1,0.1667,61454.92,Monthly workforce snapshot
20240101,104001,BU03,22,21,1,0.0455,251427.05,Monthly workforce snapshot
20240101,104002,BU03,7,7,0,0.0,75139.14,Monthly workforce snapshot
20240101,104003,BU03,8,8,0,0.0,71081.76,Monthly workforce snapshot
20240101,104005,BU03,18,15,3,0.1667,223857.2,Monthly workforce snapshot
20240101,104017,BU02,19,19,0,0.0,181192.11,Monthly workforce snapshot
20240101,104018,BU06,8,8,0,0.0,108934.83,Monthly workforce snapshot
20240101,104019,BU03,7,6,1,0.1429,83305.06,Monthly workforce snapshot
20240101,104022,BU03,17,16,1,0.0588,235127.15,Monthly workforce snapshot
20240101,104023,BU02,11,8,3,0.2727,103912.83,Monthly workforce snapshot
20240101,104026,BU01,18,17,1,0.0556,233387.22,Monthly workforce snapshot
20240101,104027,BU02,8,8,0,0.0,114841.36,Monthly workforce snapshot
20240101,104028,BU03,17,16,1,0.0588,168654.88,Monthly workforce snapshot
20240101,104034,BU03,7,7,0,0.0,73470.41,Monthly workforce snapshot
20240101,109003,BU04,14,13,1,0.0714,143343.07,Monthly workforce snapshot
20240101,109004,BU04,21,21,0,0.0,217700.91,Monthly workforce snapshot
20240101,110101,BU05,18,17,1,0.0556,174884.95,Monthly workforce snapshot
20240101,110102,BU05,23,23,0,0.0,207860.89,Monthly workforce snapshot
20240101,120201,BU06,16,16,0,0.0,143849.92,Monthly workforce snapshot
20240201,104001,BU03,8,7,1,0.125,71126.09,Monthly workforce snapshot
20240201,104002,BU03,17,17,0,0.0,175062.37,Monthly workforce snapshot
20240201,104003,BU03,9,8,1,0.1111,91559.12,Monthly workforce snapshot
20240201,104005,BU03,7,7,0,0.0,63774.13,Monthly workforce snapshot
20240201,104017,BU02,10,10,0,0.0,131328.4,Monthly workforce snapshot
20240201,104018,BU06,19,19,0,0.0,273301.89,Monthly workforce snapshot
20240201,104019,BU03,19,18,1,0.0526,173564.04,Monthly workforce snapshot
20240201,104022,BU03,12,10,2,0.1667,146209.43,Monthly workforce snapshot
20240201,104023,BU02,20,19,1,0.05,273784.87,Monthly workforce snapshot
20240201,104026,BU01,22,21,1,0.0455,298934.86,Monthly workforce snapshot
20240201,104027,BU02,12,11,1,0.0833,157290.8,Monthly workforce snapshot
20240201,104028,BU03,8,7,1,0.125,91952.3,Monthly workforce snapshot
20240201,104034,BU03,13,13,0,0.0,186983.94,Monthly workforce snapshot
20240201,109003,BU04,13,10,3,0.2308,103994.67,Monthly workforce snapshot
20240201,109004,BU04,9,9,0,0.0,95455.2,Monthly workforce snapshot
20240201,110101,BU05,19,19,0,0.0,213308.31,Monthly workforce snapshot
20240201,110102,BU05,22,21,1,0.0455,191109.73,Monthly workforce snapshot
20240201,120201,BU06,8,8,0,0.0,81884.64,Monthly workforce snapshot
20240301,104001,BU03,17,14,3,0.1765,126587.67,Monthly workforce snapshot
20240301,104002,BU03,12,10,2,0.1667,91297.07,Monthly workforce snapshot
20240301,104003,BU03,14,12,2,0.1429,154614.36,Monthly workforce snapshot
20240301,104005,BU03,7,6,1,0.1429,57960.08,Monthly workforce snapshot
20240301,104017,BU02,19,17,2,0.1053,238193.46,Monthly workforce snapshot
20240301,104018,BU06,14,12,2,0.1429,177308.84,Monthly workforce snapshot
20240301,104019,BU03,12,11,1,0.0833,138732.44,Monthly workforce snapshot
20240301,104022,BU03,16,16,0,0.0,199282.88,Monthly workforce snapshot
20240301,104023,BU02,15,12,3,0.2,114917.0,Monthly workforce snapshot
20240301,104026,BU01,14,13,1,0.0714,140201.01,Monthly workforce snapshot
20240301,104027,BU02,22,19,3,0.1364,266801.29,Monthly workforce snapshot
20240301,104028,BU03,21,21,0,0.0,269401.16,Monthly workforce snapshot
20240301,104034,BU03,7,6,1,0.1429,60691.8,Monthly workforce snapshot
20240301,109003,BU04,10,10,0,0.0,102889.0,Monthly workforce snapshot
20240301,109004,BU04,23,22,1,0.0435,217769.42,Monthly workforce snapshot
20240301,110101,BU05,7,7,0,0.0,72297.17,Monthly workforce snapshot
20240301,110102,BU05,8,8,0,0.0,77748.83,Monthly workforce snapshot
20240301,120201,BU06,7,4,3,0.4286,43242.11,Monthly workforce snapshot
20240401,104001,BU03,19,17,2,0.1053,178371.93,Monthly workforce snapshot
20240401,104002,BU03,7,7,0,0.0,69363.33,Monthly workforce snapshot
20240401,104003,BU03,14,12,2,0.1429,134370.12,Monthly workforce snapshot
20240401,104005,BU03,18,15,3,0.1667,143753.2,Monthly workforce snapshot
20240401,104017,BU02,20,17,3,0.15,211940.08,Monthly workforce snapshot
20240401,104018,BU06,10,10,0,0.0,88791.23,Monthly workforce snapshot
20240401,104019,BU03,17,17,0,0.0,210910.67,Monthly workforce snapshot
20240401,104022,BU03,9,9,0,0.0,92607.54,Monthly workforce snapshot
20240401,104023,BU02,15,14,1,0.0667,172905.6,Monthly workforce snapshot
20240401,104026,BU01,13,12,1,0.0769,150487.64,Monthly workforce snapshot
20240401,104027,BU02,9,7,2,0.2222,101313.68,Monthly workforce snapshot
20240401,104028,BU03,17,16,1,0.0588,210742.13,Monthly workforce snapshot
20240401,104034,BU03,22,21,1,0.0455,235228.0,Monthly workforce snapshot
20240401,109003,BU04,10,9,1,0.1,102507.39,Monthly workforce snapshot
20240401,109004,BU04,10,10,0,0.0,91608.1,Monthly workforce snapshot
20240401,110101,BU05,10,8,2,0.2,115745.73,Monthly workforce snapshot
20240401,110102,BU05,15,14,1,0.0667,192726.38,Monthly workforce snapshot
20240401,120201,BU06,18,16,2,0.1111,146164.59,Monthly workforce snapshot
20240501,104001,BU03,22,19,3,0.1364,258838.01,Monthly workforce snapshot
20240501,104002,BU03,19,17,2,0.1053,238139.0,Monthly workforce snapshot
20240501,104003,BU03,14,12,2,0.1429,106295.28,Monthly workforce snapshot
20240501,104005,BU03,7,6,1,0.1429,54284.1,Monthly workforce snapshot
20240501,104017,BU02,7,7,0,0.0,81498.69,Monthly workforce snapshot
20240501,104018,BU06,17,15,2,0.1176,177661.0,Monthly workforce snapshot
20240501,104019,BU03,21,20,1,0.0476,195717.47,Monthly workforce snapshot
20240501,104022,BU03,17,14,3,0.1765,204994.11,Monthly workforce snapshot
20240501,104023,BU02,15,15,0,0.0,181976.2,Monthly workforce snapshot
20240501,104026,BU01,13,11,2,0.1538,99484.48,Monthly workforce snapshot
20240501,104027,BU02,13,12,1,0.0769,176468.12,Monthly workforce snapshot
20240501,104028,BU03,13,13,0,0.0,117154.79,Monthly workforce snapshot
20240501,104034,BU03,12,9,3,0.25,134172.03,Monthly workforce snapshot
20240501,109003,BU04,9,9,0,0.0,122532.15,Monthly workforce snapshot
20240501,109004,BU04,12,12,0,0.0,110369.92,Monthly workforce snapshot
20240501,110101,BU05,10,9,1,0.1,121187.37,Monthly workforce snapshot
20240501,110102,BU05,14,14,0,0.0,144591.44,Monthly workforce snapshot
20240501,120201,BU06,14,11,3,0.2143,113048.32,Monthly workforce snapshot
20240601,104001,BU03,7,7,0,0.0,96889.05,Monthly workforce snapshot
20240601,104002,BU03,12,12,0,0.0,113513.32,Monthly workforce snapshot
20240601,104003,BU03,19,18,1,0.0526,198422.94,Monthly workforce snapshot
20240601,104005,BU03,14,14,0,0.0,160899.71,Monthly workforce snapshot
20240601,104017,BU02,11,10,1,0.0909,126447.97,Monthly workforce snapshot
20240601,104018,BU06,12,11,1,0.0833,157162.35,Monthly workforce snapshot
20240601,104019,BU03,23,22,1,0.0435,315236.31,Monthly workforce snapshot
20240601,104022,BU03,11,9,2,0.1818,103137.0,Monthly workforce snapshot
20240601,104023,BU02,20,17,3,0.15,184270.82,Monthly workforce snapshot
20240601,104026,BU01,19,18,1,0.0526,221725.02,Monthly workforce snapshot
20240601,104027,BU02,16,16,0,0.0,219642.03,Monthly workforce snapshot
20240601,104028,BU03,12,12,0,0.0,131086.6,Monthly workforce snapshot
20240601,104034,BU03,17,17,0,0.0,251119.01,Monthly workforce snapshot
20240601,109003,BU04,22,19,3,0.1364,206911.77,Monthly workforce snapshot
20240601,109004,BU04,13,13,0,0.0,176464.3,Monthly workforce snapshot
20240601,110101,BU05,23,23,0,0.0,274431.32,Monthly workforce snapshot
20240601,110102,BU05,11,11,0,0.0,158641.16,Monthly workforce snapshot
20240601,120201,BU06,10,9,1,0.1,126861.3,Monthly workforce snapshot
20240701,104001,BU03,16,16,0,0.0,206502.99,Monthly workforce snapshot
20240701,104002,BU03,22,19,3,0.1364,249859.69,Monthly workforce snapshot
20240701,104003,BU03,12,10,2,0.1667,131601.2,Monthly workforce snapshot
20240701,104005,BU03,16,16,0,0.0,190955.04,Monthly workforce snapshot
20240701,104017,BU02,8,6,2,0.25,71794.76,Monthly workforce snapshot
20240701,104018,BU06,13,12,1,0.0769,150254.52,Monthly workforce snapshot
20240701,104019,BU03,12,10,2,0.1667,100508.2,Monthly workforce snapshot
20240701,104022,BU03,7,5,2,0.2857,57302.98,Monthly workforce snapshot
20240701,104023,BU02,23,20,3,0.1304,199152.27,Monthly workforce snapshot
20240701,104026,BU01,20,18,2,0.1,179971.74,Monthly workforce snapshot
20240701,104027,BU02,22,21,1,0.0455,298194.89,Monthly workforce snapshot
20240701,104028,BU03,8,8,0,0.0,72243.23,Monthly workforce snapshot
20240701,104034,BU03,8,7,1,0.125,90421.73,Monthly workforce snapshot
20240701,109003,BU04,23,23,0,0.0,315818.6,Monthly workforce snapshot
20240701,109004,BU04,21,18,3,0.1429,186651.0,Monthly workforce snapshot
20240701,110101,BU05,15,14,1,0.0667,188507.9,Monthly workforce snapshot
20240701,110102,BU05,20,18,2,0.1,184491.54,Monthly workforce snapshot
20240701,120201,BU06,16,15,1,0.0625,170335.7,Monthly workforce snapshot
20240801,104001,BU03,12,10,2,0.1667,135535.1,Monthly workforce snapshot
20240801,104002,BU03,7,5,2,0.2857,54144.08,Monthly workforce snapshot
20240801,104003,BU03,11,10,1,0.0909,130418.03,Monthly workforce snapshot
20240801,104005,BU03,8,6,2,0.25,68477.14,Monthly workforce snapshot
20240801,104017,BU02,19,19,0,0.0,249541.63,Monthly workforce snapshot
20240801,104018,BU06,11,11,0,0.0,128925.28,Monthly workforce snapshot
20240801,104019,BU03,15,14,1,0.0667,190473.92,Monthly workforce snapshot
20240801,104022,BU03,23,21,2,0.087,260005.06,Monthly workforce snapshot
20240801,104023,BU02,21,21,0,0.0,210242.62,Monthly workforce snapshot
20240801,104026,BU01,16,15,1,0.0625,185662.1,Monthly workforce snapshot
20240801,104027,BU02,11,11,0,0.0,125412.98,Monthly workforce snapshot
20240801,104028,BU03,16,16,0,0.0,142547.09,Monthly workforce snapshot
20240801,104034,BU03,10,10,0,0.0,104007.07,Monthly workforce snapshot
20240801,109003,BU04,13,13,0,0.0,146501.25,Monthly workforce snapshot
20240801,109004,BU04,16,14,2,0.125,137439.12,Monthly workforce snapshot
20240801,110101,BU05,21,19,2,0.0952,206422.9,Monthly workforce snapshot
20240801,110102,BU05,14,11,3,0.2143,155478.95,Monthly workforce snapshot
20240801,120201,BU06,19,16,3,0.1579,216917.33,Monthly workforce snapshot
20240901,104001,BU03,12,12,0,0.0,129467.16,Monthly workforce snapshot
20240901,104002,BU03,12,12,0,0.0,175292.6,Monthly workforce snapshot
20240901,104003,BU03,18,18,0,0.0,253531.02,Monthly workforce snapshot
20240901,104005,BU03,20,18,2,0.1,203480.28,Monthly workforce snapshot
20240901,104017,BU02,7,7,0,0.0,94930.99,Monthly workforce snapshot
20240901,104018,BU06,13,12,1,0.0769,109671.8,Monthly workforce snapshot
20240901,104019,BU03,13,13,0,0.0,148004.44,Monthly workforce snapshot
20240901,104022,BU03,12,11,1,0.0833,129410.64,Monthly workforce snapshot
20240901,104023,BU02,11,11,0,0.0,160924.72,Monthly workforce snapshot
20240901,104026,BU01,8,6,2,0.25,62152.52,Monthly workforce snapshot
20240901,104027,BU02,22,22,0,0.0,269419.55,Monthly workforce snapshot
20240901,104028,BU03,14,13,1,0.0714,135982.95,Monthly workforce snapshot
20240901,104034,BU03,14,12,2,0.1429,169639.44,Monthly workforce snapshot
20240901,109003,BU04,11,9,2,0.1818,80347.35,Monthly workforce snapshot
20240901,109004,BU04,9,8,1,0.1111,78498.61,Monthly workforce snapshot
20240901,110101,BU05,22,21,1,0.0455,252624.89,Monthly workforce snapshot
20240901,110102,BU05,15,15,0,0.0,135139.85,Monthly workforce snapshot
20240901,120201,BU06,7,7,0,0.0,93839.48,Monthly workforce snapshot
20241001,104001,BU03,20,19,1,0.05,280886.25,Monthly workforce snapshot
20241001,104002,BU03,15,13,2,0.1333,149625.84,Monthly workforce snapshot
20241001,104003,BU03,17,17,0,0.0,240593.07,Monthly workforce snapshot
20241001,104005,BU03,22,21,1,0.0455,272363.21,Monthly workforce snapshot
20241001,104017,BU02,14,14,0,0.0,124362.7,Monthly workforce snapshot
20241001,104018,BU06,15,13,2,0.1333,164163.39,Monthly workforce snapshot
20241001,104019,BU03,11,10,1,0.0909,133719.53,Monthly workforce snapshot
20241001,104022,BU03,15,12,3,0.2,158499.28,Monthly workforce snapshot
20241001,104023,BU02,10,7,3,0.3,83351.87,Monthly workforce snapshot
20241001,104026,BU01,20,19,1,0.05,279327.36,Monthly workforce snapshot
20241001,104027,BU02,16,16,0,0.0,203140.11,Monthly workforce snapshot
20241001,104028,BU03,18,17,1,0.0556,185630.48,Monthly workforce snapshot
20241001,104034,BU03,14,13,1,0.0714,184994.46,Monthly workforce snapshot
20241001,109003,BU04,9,8,1,0.1111,83617.33,Monthly workforce snapshot
20241001,109004,BU04,17,16,1,0.0588,161140.48,Monthly workforce snapshot
20241001,110101,BU05,13,11,2,0.1538,102504.6,Monthly workforce snapshot
20241001,110102,BU05,9,7,2,0.2222,94435.51,Monthly workforce snapshot
20241001,120201,BU06,12,10,2,0.1667,129005.47,Monthly workforce snapshot
20241101,104001,BU03,21,20,1,0.0476,244255.2,Monthly workforce snapshot
20241101,104002,BU03,22,21,1,0.0455,219506.35,Monthly workforce snapshot
20241101,104003,BU03,17,16,1,0.0588,198634.77,Monthly workforce snapshot
20241101,104005,BU03,20,20,0,0.0,181744.73,Monthly workforce snapshot
20241101,104017,BU02,19,19,0,0.0,179805.99,Monthly workforce snapshot
20241101,104018,BU06,10,10,0,0.0,95970.83,Monthly workforce snapshot
20241101,104019,BU03,19,16,3,0.1579,229168.53,Monthly workforce snapshot
20241101,104022,BU03,10,10,0,0.0,147598.23,Monthly workforce snapshot
20241101,104023,BU02,20,18,2,0.1,182177.7,Monthly workforce snapshot
20241101,104026,BU01,8,5,3,0.375,61408.93,Monthly workforce snapshot
20241101,104027,BU02,23,22,1,0.0435,217808.07,Monthly workforce snapshot
20241101,104028,BU03,15,14,1,0.0667,127496.18,Monthly workforce snapshot
20241101,104034,BU03,18,17,1,0.0556,177330.23,Monthly workforce snapshot
20241101,109003,BU04,15,14,1,0.0667,187888.73,Monthly workforce snapshot
20241101,109004,BU04,7,4,3,0.4286,36835.03,Monthly workforce snapshot
20241101,110101,BU05,18,17,1,0.0556,150974.96,Monthly workforce snapshot
20241101,110102,BU05,15,15,0,0.0,184606.55,Monthly workforce snapshot
20241101,120201,BU06,9,9,0,0.0,131777.28,Monthly workforce snapshot
20241201,104001,BU03,11,10,1,0.0909,100661.13,Monthly workforce snapshot
20241201,104002,BU03,23,23,0,0.0,237954.24,Monthly workforce snapshot
20241201,104003,BU03,9,8,1,0.1111,88706.29,Monthly workforce snapshot
20241201,104005,BU03,13,10,3,0.2308,140516.8,Monthly workforce snapshot
20241201,104017,BU02,22,21,1,0.0455,196734.37,Monthly workforce snapshot
20241201,104018,BU06,19,17,2,0.1053,246920.58,Monthly workforce snapshot
20241201,104019,BU03,17,16,1,0.0588,185806.56,Monthly workforce snapshot
20241201,104022,BU03,16,15,1,0.0625,213931.0,Monthly workforce snapshot
20241201,104023,BU02,19,17,2,0.1053,248898.59,Monthly workforce snapshot
20241201,104026,BU01,17,16,1,0.0588,176366.03,Monthly workforce snapshot
20241201,104027,BU02,23,21,2,0.087,224386.68,Monthly workforce snapshot
20241201,104028,BU03,11,10,1,0.0909,90227.57,Monthly workforce snapshot
20241201,104034,BU03,12,12,0,0.0,118331.96,Monthly workforce snapshot
20241201,109003,BU04,21,18,3,0.1429,183120.72,Monthly workforce snapshot
20241201,109004,BU04,9,9,0,0.0,118499.67,Monthly workforce snapshot
20241201,110101,BU05,14,14,0,0.0,147700.33,Monthly workforce snapshot
20241201,110102,BU05,21,21,0,0.0,191402.68,Monthly workforce snapshot
20241201,120201,BU06,15,15,0,0.0,218723.6,Monthly workforce snapshot
20250101,104001,BU03,19,19,0,0.0,245579.62,Monthly workforce snapshot
20250101,104002,BU03,23,23,0,0.0,280073.53,Monthly workforce snapshot
20250101,104003,BU03,9,9,0,0.0,104256.72,Monthly workforce snapshot
20250101,104005,BU03,15,13,2,0.1333,191028.72,Monthly workforce snapshot
20250101,104017,BU02,19,18,1,0.0526,230011.32,Monthly workforce snapshot
20250101,104018,BU06,16,15,1,0.0625,180720.7,Monthly workforce snapshot
20250101,104019,BU03,14,14,0,0.0,127530.9,Monthly workforce snapshot
20250101,104022,BU03,7,6,1,0.1429,55553.24,Monthly workforce snapshot
20250101,104023,BU02,12,11,1,0.0833,97904.51,Monthly workforce snapshot
20250101,104026,BU01,10,10,0,0.0,133892.1,Monthly workforce snapshot
20250101,104027,BU02,17,15,2,0.1176,143393.6,Monthly workforce snapshot
20250101,104028,BU03,16,16,0,0.0,239387.79,Monthly workforce snapshot
20250101,104034,BU03,19,17,2,0.1053,250021.1,Monthly workforce snapshot
20250101,109003,BU04,13,12,1,0.0769,124949.84,Monthly workforce snapshot
20250101,109004,BU04,13,12,1,0.0769,165996.32,Monthly workforce snapshot
20250101,110101,BU05,7,6,1,0.1429,82685.06,Monthly workforce snapshot
20250101,110102,BU05,16,16,0,0.0,155833.28,Monthly workforce snapshot
20250101,120201,BU06,15,12,3,0.2,134170.48,Monthly workforce snapshot
20250201,104001,BU03,19,17,2,0.1053,199362.34,Monthly workforce snapshot
20250201,104002,BU03,7,7,0,0.0,82802.86,Monthly workforce snapshot
20250201,104003,BU03,11,10,1,0.0909,136028.0,Monthly workforce snapshot
20250201,104005,BU03,14,11,3,0.2143,124400.21,Monthly workforce snapshot
20250201,104017,BU02,21,21,0,0.0,272428.31,Monthly workforce snapshot
20250201,104018,BU06,18,17,1,0.0556,180262.11,Monthly workforce snapshot
20250201,104019,BU03,21,18,3,0.1429,256345.2,Monthly workforce snapshot
20250201,104022,BU03,18,15,3,0.1667,132089.45,Monthly workforce snapshot
20250201,104023,BU02,11,10,1,0.0909,123678.63,Monthly workforce snapshot
20250201,104026,BU01,11,11,0,0.0,138514.2,Monthly workforce snapshot
20250201,104027,BU02,10,9,1,0.1,86623.92,Monthly workforce snapshot
20250201,104028,BU03,22,21,1,0.0455,229136.81,Monthly workforce snapshot
20250201,104034,BU03,23,23,0,0.0,335975.11,Monthly workforce snapshot
20250201,109003,BU04,9,8,1,0.1111,117666.91,Monthly workforce snapshot
20250201,109004,BU04,11,11,0,0.0,159241.32,Monthly workforce snapshot
20250201,110101,BU05,9,8,1,0.1111,97672.32,Monthly workforce snapshot
20250201,110102,BU05,14,13,1,0.0714,145501.81,Monthly workforce snapshot
20250201,120201,BU06,9,7,2,0.2222,63576.66,Monthly workforce snapshot
20250301,104001,BU03,14,11,3,0.2143,156821.35,Monthly workforce snapshot
20250301,104002,BU03,23,21,2,0.087,247601.34,Monthly workforce snapshot
20250301,104003,BU03,7,7,0,0.0,83058.92,Monthly workforce snapshot
20250301,104005,BU03,9,9,0,0.0,96919.95,Monthly workforce snapshot
20250301,104017,BU02,13,12,1,0.0769,172180.2,Monthly workforce snapshot
20250301,104018,BU06,8,8,0,0.0,75872.29,Monthly workforce snapshot
20250301,104019,BU03,18,17,1,0.0556,159283.99,Monthly workforce snapshot
20250301,104022,BU03,23,22,1,0.0435,239088.74,Monthly workforce snapshot
20250301,104023,BU02,13,12,1,0.0769,108563.24,Monthly workforce snapshot
20250301,104026,BU01,15,15,0,0.0,164904.5,Monthly workforce snapshot
20250301,104027,BU02,10,9,1,0.1,85206.6,Monthly workforce snapshot
20250301,104028,BU03,16,16,0,0.0,183176.11,Monthly workforce snapshot
20250301,104034,BU03,11,11,0,0.0,137532.12,Monthly workforce snapshot
20250301,109003,BU04,18,17,1,0.0556,160631.36,Monthly workforce snapshot
20250301,109004,BU04,19,18,1,0.0526,204910.62,Monthly workforce snapshot
20250301,110101,BU05,18,17,1,0.0556,245743.61,Monthly workforce snapshot
20250301,110102,BU05,7,7,0,0.0,64924.23,Monthly workforce snapshot
20250301,120201,BU06,23,21,2,0.087,304008.32,Monthly workforce snapshot
20250401,104001,BU03,20,17,3,0.15,208635.79,Monthly workforce snapshot
20250401,104002,BU03,21,20,1,0.0476,237972.53,Monthly workforce snapshot
20250401,104003,BU03,11,11,0,0.0,131705.57,Monthly workforce snapshot
20250401,104005,BU03,15,14,1,0.0667,128963.1,Monthly workforce snapshot
20250401,104017,BU02,8,8,0,0.0,100118.43,Monthly workforce snapshot
20250401,104018,BU06,12,9,3,0.25,80618.91,Monthly workforce snapshot
20250401,104019,BU03,13,12,1,0.0769,124021.08,Monthly workforce snapshot
20250401,104022,BU03,22,20,2,0.0909,295601.53,Monthly workforce snapshot
20250401,104023,BU02,17,14,3,0.1765,209370.28,Monthly workforce snapshot
20250401,104026,BU01,18,17,1,0.0556,223621.91,Monthly workforce snapshot
20250401,104027,BU02,22,20,2,0.0909,291081.73,Monthly workforce snapshot
20250401,104028,BU03,16,14,2,0.125,185471.35,Monthly workforce snapshot
20250401,104034,BU03,22,22,0,0.0,263006.48,Monthly workforce snapshot
20250401,109003,BU04,16,13,3,0.1875,141810.33,Monthly workforce snapshot
20250401,109004,BU04,11,11,0,0.0,108807.42,Monthly workforce snapshot
20250401,110101,BU05,13,13,0,0.0,175678.45,Monthly workforce snapshot
20250401,110102,BU05,7,6,1,0.1429,75772.06,Monthly workforce snapshot
20250401,120201,BU06,10,9,1,0.1,124901.79,Monthly workforce snapshot
20250501,104001,BU03,15,12,3,0.2,153033.36,Monthly workforce snapshot
20250501,104002,BU03,10,10,0,0.0,139367.73,Monthly workforce snapshot
20250501,104003,BU03,12,12,0,0.0,106395.72,Monthly workforce snapshot
20250501,104005,BU03,10,8,2,0.2,81437.41,Monthly workforce snapshot
20250501,104017,BU02,10,10,0,0.0,128293.5,Monthly workforce snapshot
20250501,104018,BU06,12,11,1,0.0833,134569.97,Monthly workforce snapshot
20250501,104019,BU03,8,8,0,0.0,100252.35,Monthly workforce snapshot
20250501,104022,BU03,10,9,1,0.1,79812.6,Monthly workforce snapshot
20250501,104023,BU02,16,16,0,0.0,157622.19,Monthly workforce snapshot
20250501,104026,BU01,21,18,3,0.1429,181757.34,Monthly workforce snapshot
20250501,104027,BU02,22,22,0,0.0,313758.65,Monthly workforce snapshot
20250501,104028,BU03,20,20,0,0.0,210837.2,Monthly workforce snapshot
20250501,104034,BU03,21,19,2,0.0952,271352.3,Monthly workforce snapshot
20250501,109003,BU04,17,16,1,0.0588,201600.85,Monthly workforce snapshot
20250501,109004,BU04,17,17,0,0.0,235159.7,Monthly workforce snapshot
20250501,110101,BU05,15,13,2,0.1333,180123.54,Monthly workforce snapshot
20250501,110102,BU05,17,16,1,0.0588,176594.19,Monthly workforce snapshot
20250501,120201,BU06,19,18,1,0.0526,166109.16,Monthly workforce snapshot
20250601,104001,BU03,12,10,2,0.1667,105315.27,Monthly workforce snapshot
20250601,104002,BU03,8,6,2,0.25,72792.96,Monthly workforce snapshot
20250601,104003,BU03,18,15,3,0.1667,148967.4,Monthly workforce snapshot
20250601,104005,BU03,11,9,2,0.1818,95980.65,Monthly workforce snapshot
20250601,104017,BU02,19,19,0,0.0,213504.65,Monthly workforce snapshot
20250601,104018,BU06,17,17,0,0.0,215630.83,Monthly workforce snapshot
20250601,104019,BU03,23,23,0,0.0,324978.27,Monthly workforce snapshot
20250601,104022,BU03,11,10,1,0.0909,119480.2,Monthly workforce snapshot
20250601,104023,BU02,20,19,1,0.05,169262.89,Monthly workforce snapshot
20250601,104026,BU01,22,22,0,0.0,228485.91,Monthly workforce snapshot
20250601,104027,BU02,11,11,0,0.0,116664.06,Monthly workforce snapshot
20250601,104028,BU03,14,13,1,0.0714,167000.51,Monthly workforce snapshot
20250601,104034,BU03,11,11,0,0.0,97655.58,Monthly workforce snapshot
20250601,109003,BU04,11,10,1,0.0909,96178.53,Monthly workforce snapshot
20250601,109004,BU04,13,12,1,0.0769,160142.28,Monthly workforce snapshot
20250601,110101,BU05,15,14,1,0.0667,205441.13,Monthly workforce snapshot
20250601,110102,BU05,16,15,1,0.0625,133109.35,Monthly workforce snapshot
20250601,120201,BU06,8,7,1,0.125,96086.88,Monthly workforce snapshot
20250701,104001,BU03,23,21,2,0.087,259896.56,Monthly workforce snapshot
20250701,104002,BU03,23,23,0,0.0,261915.8,Monthly workforce snapshot
20250701,104003,BU03,15,14,1,0.0667,191074.29,Monthly workforce snapshot
20250701,104005,BU03,13,10,3,0.2308,119717.87,Monthly workforce snapshot
20250701,104017,BU02,10,9,1,0.1,115819.41,Monthly workforce snapshot
20250701,104018,BU06,18,17,1,0.0556,175064.13,Monthly workforce snapshot
20250701,104019,BU03,15,12,3,0.2,107382.76,Monthly workforce snapshot
20250701,104022,BU03,23,22,1,0.0435,227592.49,Monthly workforce snapshot
20250701,104023,BU02,21,21,0,0.0,264414.5,Monthly workforce snapshot
20250701,104026,BU01,14,13,1,0.0714,137006.57,Monthly workforce snapshot
20250701,104027,BU02,10,9,1,0.1,93291.09,Monthly workforce snapshot
20250701,104028,BU03,13,13,0,0.0,147328.74,Monthly workforce snapshot
20250701,104034,BU03,11,8,3,0.2727,102672.83,Monthly workforce snapshot
20250701,109003,BU04,21,21,0,0.0,285216.12,Monthly workforce snapshot
20250701,109004,BU04,18,18,0,0.0,166520.22,Monthly workforce snapshot
20250701,110101,BU05,18,18,0,0.0,185828.88,Monthly workforce snapshot
20250701,110102,BU05,10,9,1,0.1,123907.62,Monthly workforce snapshot
20250701,120201,BU06,9,8,1,0.1111,114195.73,Monthly workforce snapshot
20250801,104001,BU03,19,18,1,0.0526,205412.82,Monthly workforce snapshot
20250801,104002,BU03,10,10,0,0.0,132593.2,Monthly workforce snapshot
20250801,104003,BU03,22,20,2,0.0909,214046.73,Monthly workforce snapshot
20250801,104005,BU03,16,14,2,0.125,141463.75,Monthly workforce snapshot
20250801,104017,BU02,23,22,1,0.0435,212249.77,Monthly workforce snapshot
20250801,104018,BU06,11,9,2,0.1818,85840.86,Monthly workforce snapshot
20250801,104019,BU03,9,9,0,0.0,99588.12,Monthly workforce snapshot
20250801,104022,BU03,7,6,1,0.1429,87148.44,Monthly workforce snapshot
20250801,104023,BU02,21,20,1,0.0476,296977.93,Monthly workforce snapshot
20250801,104026,BU01,13,13,0,0.0,145684.5,Monthly workforce snapshot
20250801,104027,BU02,10,7,3,0.3,73052.33,Monthly workforce snapshot
20250801,104028,BU03,12,11,1,0.0833,102493.23,Monthly workforce snapshot
20250801,104034,BU03,13,11,2,0.1538,150579.92,Monthly workforce snapshot
20250801,109003,BU04,19,18,1,0.0526,160570.08,Monthly workforce snapshot
20250801,109004,BU04,15,13,2,0.1333,185811.21,Monthly workforce snapshot
20250801,110101,BU05,19,18,1,0.0526,178524.66,Monthly workforce snapshot
20250801,110102,BU05,13,10,3,0.2308,114798.17,Monthly workforce snapshot
20250801,120201,BU06,15,13,2,0.1333,168013.39,Monthly workforce snapshot
20250901,104001,BU03,18,18,0,0.0,233584.38,Monthly workforce snapshot
20250901,104002,BU03,20,19,1,0.05,283919.6,Monthly workforce snapshot
20250901,104003,BU03,11,11,0,0.0,109840.65,Monthly workforce snapshot
20250901,104005,BU03,8,6,2,0.25,55065.3,Monthly workforce snapshot
20250901,104017,BU02,18,16,2,0.1111,164149.55,Monthly workforce snapshot
20250901,104018,BU06,14,14,0,0.0,161005.32,Monthly workforce snapshot
20250901,104019,BU03,12,12,0,0.0,116898.52,Monthly workforce snapshot
20250901,104022,BU03,15,15,0,0.0,182227.3,Monthly workforce snapshot
20250901,104023,BU02,11,11,0,0.0,146101.45,Monthly workforce snapshot
20250901,104026,BU01,13,11,2,0.1538,155784.71,Monthly workforce snapshot
20250901,104027,BU02,19,18,1,0.0526,210637.56,Monthly workforce snapshot
20250901,104028,BU03,11,8,3,0.2727,118038.08,Monthly workforce snapshot
20250901,104034,BU03,19,18,1,0.0526,217750.2,Monthly workforce snapshot
20250901,109003,BU04,16,16,0,0.0,205525.87,Monthly workforce snapshot
20250901,109004,BU04,18,18,0,0.0,182607.36,Monthly workforce snapshot
20250901,110101,BU05,18,15,3,0.1667,147511.95,Monthly workforce snapshot
20250901,110102,BU05,14,14,0,0.0,157416.14,Monthly workforce snapshot
20250901,120201,BU06,8,7,1,0.125,72215.43,Monthly workforce snapshot
20251001,104001,BU03,11,10,1,0.0909,141071.7,Monthly workforce snapshot
20251001,104002,BU03,11,10,1,0.0909,133499.43,Monthly workforce snapshot
20251001,104003,BU03,21,21,0,0.0,240744.14,Monthly workforce snapshot
20251001,104005,BU03,21,19,2,0.0952,277998.18,Monthly workforce snapshot
20251001,104017,BU02,19,19,0,0.0,180063.19,Monthly workforce snapshot
20251001,104018,BU06,23,22,1,0.0435,283020.91,Monthly workforce snapshot
20251001,104019,BU03,15,12,3,0.2,155093.0,Monthly workforce snapshot
20251001,104022,BU03,7,5,2,0.2857,55519.45,Monthly workforce snapshot
20251001,104023,BU02,8,8,0,0.0,114320.56,Monthly workforce snapshot
20251001,104026,BU01,11,8,3,0.2727,113966.75,Monthly workforce snapshot
20251001,104027,BU02,13,13,0,0.0,188406.53,Monthly workforce snapshot
20251001,104028,BU03,8,7,1,0.125,83995.64,Monthly workforce snapshot
20251001,104034,BU03,12,12,0,0.0,108950.12,Monthly workforce snapshot
20251001,109003,BU04,14,11,3,0.2143,154571.89,Monthly workforce snapshot
20251001,109004,BU04,11,10,1,0.0909,136289.43,Monthly workforce snapshot
20251001,110101,BU05,10,10,0,0.0,87926.33,Monthly workforce snapshot
20251001,110102,BU05,23,22,1,0.0435,275457.53,Monthly workforce snapshot
20251001,120201,BU06,22,19,3,0.1364,274631.07,Monthly workforce snapshot
20251101,104001,BU03,20,19,1,0.05,215279.5,Monthly workforce snapshot
20251101,104002,BU03,7,4,3,0.4286,45600.17,Monthly workforce snapshot
20251101,104003,BU03,12,11,1,0.0833,162985.5,Monthly workforce snapshot
20251101,104005,BU03,9,6,3,0.3333,79682.4,Monthly workforce snapshot
20251101,104017,BU02,9,9,0,0.0,93377.58,Monthly workforce snapshot
20251101,104018,BU06,8,7,1,0.125,93937.85,Monthly workforce snapshot
20251101,104019,BU03,20,19,1,0.05,211172.21,Monthly workforce snapshot
20251101,104022,BU03,17,15,2,0.1176,147753.75,Monthly workforce snapshot
20251101,104023,BU02,11,8,3,0.2727,111390.03,Monthly workforce snapshot
20251101,104026,BU01,18,16,2,0.1111,223056.16,Monthly workforce snapshot
20251101,104027,BU02,7,7,0,0.0,74295.74,Monthly workforce snapshot
20251101,104028,BU03,9,9,0,0.0,92966.52,Monthly workforce snapshot
20251101,104034,BU03,10,9,1,0.1,82965.3,Monthly workforce snapshot
20251101,109003,BU04,7,7,0,0.0,97984.9,Monthly workforce snapshot
20251101,109004,BU04,7,5,2,0.2857,59565.98,Monthly workforce snapshot
20251101,110101,BU05,18,16,2,0.1111,167643.04,Monthly workforce snapshot
20251101,110102,BU05,23,23,0,0.0,303930.51,Monthly workforce snapshot
20251101,120201,BU06,21,20,1,0.0476,257709.2,Monthly workforce snapshot
20251201,104001,BU03,19,19,0,0.0,173330.92,Monthly workforce snapshot
20251201,104002,BU03,15,15,0,0.0,193415.2,Monthly workforce snapshot
20251201,104003,BU03,17,16,1,0.0588,205196.85,Monthly workforce snapshot
20251201,104005,BU03,13,10,3,0.2308,107096.73,Monthly workforce snapshot
20251201,104017,BU02,8,7,1,0.125,62386.05,Monthly workforce snapshot
20251201,104018,BU06,17,15,2,0.1176,135877.65,Monthly workforce snapshot
20251201,104019,BU03,12,12,0,0.0,121120.72,Monthly workforce snapshot
20251201,104022,BU03,13,12,1,0.0769,121635.32,Monthly workforce snapshot
20251201,104023,BU02,15,14,1,0.0667,160083.79,Monthly workforce snapshot
20251201,104026,BU01,17,14,3,0.1765,173666.55,Monthly workforce snapshot
20251201,104027,BU02,7,5,2,0.2857,64424.2,Monthly workforce snapshot
20251201,104028,BU03,18,18,0,0.0,162454.26,Monthly workforce snapshot
20251201,104034,BU03,18,16,2,0.1111,181468.21,Monthly workforce snapshot
20251201,109003,BU04,17,17,0,0.0,211216.33,Monthly workforce snapshot
20251201,109004,BU04,8,5,3,0.375,56024.23,Monthly workforce snapshot
20251201,110101,BU05,21,21,0,0.0,302131.27,Monthly workforce snapshot
20251201,110102,BU05,15,15,0,0.0,170544.95,Monthly workforce snapshot
20251201,120201,BU06,23,22,1,0.0435,302837.55,Monthly workforce snapshot
20260101,104001,BU03,17,16,1,0.0588,180322.45,Monthly workforce snapshot
20260101,104002,BU03,8,6,2,0.25,79869.64,Monthly workforce snapshot
20260101,104003,BU03,20,19,1,0.05,227326.51,Monthly workforce snapshot
20260101,104005,BU03,19,18,1,0.0526,191325.18,Monthly workforce snapshot
20260101,104017,BU02,16,13,3,0.1875,164663.11,Monthly workforce snapshot
20260101,104018,BU06,20,19,1,0.05,247894.39,Monthly workforce snapshot
20260101,104019,BU03,9,8,1,0.1111,97984.8,Monthly workforce snapshot
20260101,104022,BU03,24,22,2,0.0833,300736.99,Monthly workforce snapshot
20260101,104023,BU02,12,11,1,0.0833,134263.07,Monthly workforce snapshot
20260101,104026,BU01,19,19,0,0.0,276574.77,Monthly workforce snapshot
20260101,104027,BU02,14,12,2,0.1429,172758.04,Monthly workforce snapshot
20260101,104028,BU03,20,17,3,0.15,171953.07,Monthly workforce snapshot
20260101,104034,BU03,12,12,0,0.0,126011.28,Monthly workforce snapshot
20260101,109003,BU04,12,9,3,0.25,125321.22,Monthly workforce snapshot
20260101,109004,BU04,20,20,0,0.0,275311.0,Monthly workforce snapshot
20260101,110101,BU05,11,10,1,0.0909,148834.1,Monthly workforce snapshot
20260101,110102,BU05,19,16,3,0.1579,185811.52,Monthly workforce snapshot
20260101,120201,BU06,20,20,0,0.0,271609.6,Monthly workforce snapshot
20260201,104001,BU03,11,11,0,0.0,144862.48,Monthly workforce snapshot
20260201,104002,BU03,11,8,3,0.2727,75029.92,Monthly workforce snapshot
20260201,104003,BU03,18,18,0,0.0,228941.82,Monthly workforce snapshot
20260201,104005,BU03,11,10,1,0.0909,100546.43,Monthly workforce snapshot
20260201,104017,BU02,15,15,0,0.0,134149.4,Monthly workforce snapshot
20260201,104018,BU06,20,19,1,0.05,204783.52,Monthly workforce snapshot
20260201,104019,BU03,13,13,0,0.0,126180.64,Monthly workforce snapshot
20260201,104022,BU03,12,10,2,0.1667,92278.73,Monthly workforce snapshot
20260201,104023,BU02,23,21,2,0.087,273105.35,Monthly workforce snapshot
20260201,104026,BU01,23,20,3,0.1304,227021.27,Monthly workforce snapshot
20260201,104027,BU02,24,23,1,0.0417,334938.88,Monthly workforce snapshot
20260201,104028,BU03,20,18,2,0.1,226151.82,Monthly workforce snapshot
20260201,104034,BU03,17,17,0,0.0,182032.83,Monthly workforce snapshot
20260201,109003,BU04,15,15,0,0.0,198243.45,Monthly workforce snapshot
20260201,109004,BU04,18,17,1,0.0556,194942.57,Monthly workforce snapshot
20260201,110101,BU05,24,24,0,0.0,357415.12,Monthly workforce snapshot
20260201,110102,BU05,15,14,1,0.0667,191786.05,Monthly workforce snapshot
20260201,120201,BU06,8,7,1,0.125,80186.56,Monthly workforce snapshot
20260301,104001,BU03,15,15,0,0.0,170749.55,Monthly workforce snapshot
20260301,104002,BU03,14,14,0,0.0,201378.89,Monthly workforce snapshot
20260301,104003,BU03,15,15,0,0.0,148542.7,Monthly workforce snapshot
20260301,104005,BU03,8,8,0,0.0,119597.17,Monthly workforce snapshot
20260301,104017,BU02,16,15,1,0.0625,217040.3,Monthly workforce snapshot
20260301,104018,BU06,12,12,0,0.0,147778.24,Monthly workforce snapshot
20260301,104019,BU03,10,8,2,0.2,94998.05,Monthly workforce snapshot
20260301,104022,BU03,21,20,1,0.0476,195320.67,Monthly workforce snapshot
20260301,104023,BU02,8,5,3,0.375,69830.08,Monthly workforce snapshot
20260301,104026,BU01,19,18,1,0.0526,199704.48,Monthly workforce snapshot
20260301,104027,BU02,20,19,1,0.05,255910.68,Monthly workforce snapshot
20260301,104028,BU03,22,21,1,0.0455,243430.6,Monthly workforce snapshot
20260301,104034,BU03,12,12,0,0.0,126188.6,Monthly workforce snapshot
20260301,109003,BU04,11,10,1,0.0909,114660.73,Monthly workforce snapshot
20260301,109004,BU04,11,10,1,0.0909,121287.5,Monthly workforce snapshot
20260301,110101,BU05,14,13,1,0.0714,166277.8,Monthly workforce snapshot
20260301,110102,BU05,8,5,3,0.375,60218.53,Monthly workforce snapshot
20260301,120201,BU06,8,6,2,0.25,59093.44,Monthly workforce snapshot
20260401,104001,BU03,23,20,3,0.1304,255440.0,Monthly workforce snapshot
20260401,104002,BU03,22,21,1,0.0455,313519.43,Monthly workforce snapshot
20260401,104003,BU03,17,17,0,0.0,221441.89,Monthly workforce snapshot
20260401,104005,BU03,21,18,3,0.1429,172637.76,Monthly workforce snapshot
20260401,104017,BU02,13,12,1,0.0769,172789.04,Monthly workforce snapshot
20260401,104018,BU06,19,16,3,0.1579,204385.07,Monthly workforce snapshot
20260401,104019,BU03,15,14,1,0.0667,202136.95,Monthly workforce snapshot
20260401,104022,BU03,10,10,0,0.0,122747.6,Monthly workforce snapshot
20260401,104023,BU02,20,17,3,0.15,181702.57,Monthly workforce snapshot
20260401,104026,BU01,9,8,1,0.1111,96042.13,Monthly workforce snapshot
20260401,104027,BU02,20,18,2,0.1,247523.22,Monthly workforce snapshot
20260401,104028,BU03,23,22,1,0.0435,246804.43,Monthly workforce snapshot
20260401,104034,BU03,11,11,0,0.0,109031.34,Monthly workforce snapshot
20260401,109003,BU04,12,12,0,0.0,127804.32,Monthly workforce snapshot
20260401,109004,BU04,10,9,1,0.1,122862.3,Monthly workforce snapshot
20260401,110101,BU05,18,17,1,0.0556,217475.33,Monthly workforce snapshot
20260401,110102,BU05,14,11,3,0.2143,157539.73,Monthly workforce snapshot
20260401,120201,BU06,22,20,2,0.0909,209739.8,Monthly workforce snapshot
20260501,104001,BU03,17,16,1,0.0588,155532.37,Monthly workforce snapshot
20260501,104002,BU03,11,9,2,0.1818,106430.13,Monthly workforce snapshot
20260501,104003,BU03,17,15,2,0.1176,191234.35,Monthly workforce snapshot
20260501,104005,BU03,21,21,0,0.0,302404.69,Monthly workforce snapshot
20260501,104017,BU02,24,24,0,0.0,347438.08,Monthly workforce snapshot
20260501,104018,BU06,13,12,1,0.0769,144805.96,Monthly workforce snapshot
20260501,104019,BU03,16,15,1,0.0625,155175.15,Monthly workforce snapshot
20260501,104022,BU03,22,21,1,0.0455,302953.7,Monthly workforce snapshot
20260501,104023,BU02,10,8,2,0.2,119572.37,Monthly workforce snapshot
20260501,104026,BU01,19,16,3,0.1579,210495.79,Monthly workforce snapshot
20260501,104027,BU02,14,14,0,0.0,143230.13,Monthly workforce snapshot
20260501,104028,BU03,11,8,3,0.2727,105920.8,Monthly workforce snapshot
20260501,104034,BU03,8,8,0,0.0,92366.77,Monthly workforce snapshot
20260501,109003,BU04,11,11,0,0.0,122445.14,Monthly workforce snapshot
20260501,109004,BU04,23,23,0,0.0,247458.53,Monthly workforce snapshot
20260501,110101,BU05,17,17,0,0.0,164698.04,Monthly workforce snapshot
20260501,110102,BU05,17,14,3,0.1765,178256.82,Monthly workforce snapshot
20260501,120201,BU06,21,20,1,0.0476,214284.4,Monthly workforce snapshot
20260601,104001,BU03,10,9,1,0.1,81687.48,Monthly workforce snapshot
20260601,104002,BU03,24,24,0,0.0,290534.48,Monthly workforce snapshot
20260601,104003,BU03,22,22,0,0.0,268055.55,Monthly workforce snapshot
20260601,104005,BU03,8,8,0,0.0,100682.21,Monthly workforce snapshot
20260601,104017,BU02,13,13,0,0.0,114787.83,Monthly workforce snapshot
20260601,104018,BU06,10,10,0,0.0,93904.17,Monthly workforce snapshot
20260601,104019,BU03,24,24,0,0.0,332731.68,Monthly workforce snapshot
20260601,104022,BU03,14,12,2,0.1429,157083.2,Monthly workforce snapshot
20260601,104023,BU02,13,13,0,0.0,156323.7,Monthly workforce snapshot
20260601,104026,BU01,9,9,0,0.0,79558.71,Monthly workforce snapshot
20260601,104027,BU02,11,9,2,0.1818,81203.88,Monthly workforce snapshot
20260601,104028,BU03,10,8,2,0.2,86046.91,Monthly workforce snapshot
20260601,104034,BU03,8,5,3,0.375,60669.58,Monthly workforce snapshot
20260601,109003,BU04,20,20,0,0.0,270685.8,Monthly workforce snapshot
20260601,109004,BU04,21,18,3,0.1429,164031.54,Monthly workforce snapshot
20260601,110101,BU05,17,17,0,0.0,213568.51,Monthly workforce snapshot
20260601,110102,BU05,19,19,0,0.0,229617.72,Monthly workforce snapshot
20260601,120201,BU06,11,11,0,0.0,126350.73,Monthly workforce snapshot
20260701,104001,BU03,9,8,1,0.1111,71086.72,Monthly workforce snapshot
20260701,104002,BU03,17,16,1,0.0588,174281.17,Monthly workforce snapshot
20260701,104003,BU03,21,19,2,0.0952,251770.01,Monthly workforce snapshot
20260701,104005,BU03,13,10,3,0.2308,105938.37,Monthly workforce snapshot
20260701,104017,BU02,21,21,0,0.0,210937.02,Monthly workforce snapshot
20260701,104018,BU06,8,5,3,0.375,66605.05,Monthly workforce snapshot
20260701,104019,BU03,20,17,3,0.15,159306.83,Monthly workforce snapshot
20260701,104022,BU03,23,23,0,0.0,215984.34,Monthly workforce snapshot
20260701,104023,BU02,16,16,0,0.0,197778.35,Monthly workforce snapshot
20260701,104026,BU01,18,18,0,0.0,162874.62,Monthly workforce snapshot
20260701,104027,BU02,19,19,0,0.0,226941.7,Monthly workforce snapshot
20260701,104028,BU03,20,20,0,0.0,219742.47,Monthly workforce snapshot
20260701,104034,BU03,16,16,0,0.0,204180.05,Monthly workforce snapshot
20260701,109003,BU04,22,20,2,0.0909,176631.8,Monthly workforce snapshot
20260701,109004,BU04,20,20,0,0.0,188841.67,Monthly workforce snapshot
20260701,110101,BU05,12,9,3,0.25,87219.12,Monthly workforce snapshot
20260701,110102,BU05,8,7,1,0.125,62004.13,Monthly workforce snapshot
20260701,120201,BU06,10,9,1,0.1,123638.85,Monthly workforce snapshot
20260801,104001,BU03,12,11,1,0.0833,128486.53,Monthly workforce snapshot
20260801,104002,BU03,20,19,1,0.05,201114.05,Monthly workforce snapshot
20260801,104003,BU03,14,14,0,0.0,176570.01,Monthly workforce snapshot
20260801,104005,BU03,18,16,2,0.1111,236977.23,Monthly workforce snapshot
20260801,104017,BU02,18,16,2,0.1111,184753.39,Monthly workforce snapshot
20260801,104018,BU06,11,8,3,0.2727,89773.52,Monthly workforce snapshot
20260801,104019,BU03,21,21,0,0.0,259716.45,Monthly workforce snapshot
20260801,104022,BU03,9,8,1,0.1111,118498.53,Monthly workforce snapshot
20260801,104023,BU02,8,8,0,0.0,110992.4,Monthly workforce snapshot
20260801,104026,BU01,15,14,1,0.0667,151004.51,Monthly workforce snapshot
20260801,104027,BU02,24,22,2,0.0833,236692.65,Monthly workforce snapshot
20260801,104028,BU03,22,22,0,0.0,270567.59,Monthly workforce snapshot
20260801,104034,BU03,13,13,0,0.0,116426.7,Monthly workforce snapshot
20260801,109003,BU04,9,7,2,0.2222,70817.95,Monthly workforce snapshot
20260801,109004,BU04,20,19,1,0.05,258148.88,Monthly workforce snapshot
20260801,110101,BU05,11,11,0,0.0,97913.6,Monthly workforce snapshot
20260801,110102,BU05,18,15,3,0.1667,134583.4,Monthly workforce snapshot
20260801,120201,BU06,19,19,0,0.0,210218.03,Monthly workforce snapshot
20260901,104001,BU03,8,5,3,0.375,61062.77,Monthly workforce snapshot
20260901,104002,BU03,23,23,0,0.0,324681.19,Monthly workforce snapshot
20260901,104003,BU03,10,7,3,0.3,77394.5,Monthly workforce snapshot
20260901,104005,BU03,12,9,3,0.25,119693.79,Monthly workforce snapshot
20260901,104017,BU02,9,9,0,0.0,108286.41,Monthly workforce snapshot
20260901,104018,BU06,11,10,1,0.0909,126394.23,Monthly workforce snapshot
20260901,104019,BU03,21,20,1,0.0476,259389.4,Monthly workforce snapshot
20260901,104022,BU03,18,17,1,0.0556,225387.36,Monthly workforce snapshot
20260901,104023,BU02,17,14,3,0.1765,182841.31,Monthly workforce snapshot
20260901,104026,BU01,23,20,3,0.1304,237548.87,Monthly workforce snapshot
20260901,104027,BU02,23,23,0,0.0,229391.11,Monthly workforce snapshot
20260901,104028,BU03,20,17,3,0.15,207111.0,Monthly workforce snapshot
20260901,104034,BU03,9,7,2,0.2222,70343.44,Monthly workforce snapshot
20260901,109003,BU04,10,8,2,0.2,75656.53,Monthly workforce snapshot
20260901,109004,BU04,22,21,1,0.0455,235024.02,Monthly workforce snapshot
20260901,110101,BU05,16,16,0,0.0,215917.07,Monthly workforce snapshot
20260901,110102,BU05,8,6,2,0.25,60130.7,Monthly workforce snapshot
20260901,120201,BU06,20,17,3,0.15,244278.55,Monthly workforce snapshot
20261001,104001,BU03,9,9,0,0.0,133975.8,Monthly workforce snapshot
20261001,104002,BU03,20,19,1,0.05,208847.62,Monthly workforce snapshot
20261001,104003,BU03,19,18,1,0.0526,247177.26,Monthly workforce snapshot
20261001,104005,BU03,20,19,1,0.05,175812.57,Monthly workforce snapshot
20261001,104017,BU02,20,20,0,0.0,261139.87,Monthly workforce snapshot
20261001,104018,BU06,21,21,0,0.0,283499.65,Monthly workforce snapshot
20261001,104019,BU03,12,9,3,0.25,125442.12,Monthly workforce snapshot
20261001,104022,BU03,17,17,0,0.0,208307.29,Monthly workforce snapshot
20261001,104023,BU02,21,21,0,0.0,224189.21,Monthly workforce snapshot
20261001,104026,BU01,19,16,3,0.1579,184632.69,Monthly workforce snapshot
20261001,104027,BU02,9,8,1,0.1111,116116.08,Monthly workforce snapshot
20261001,104028,BU03,9,8,1,0.1111,111337.12,Monthly workforce snapshot
20261001,104034,BU03,22,21,1,0.0455,271059.04,Monthly workforce snapshot
20261001,109003,BU04,24,23,1,0.0417,317926.7,Monthly workforce snapshot
20261001,109004,BU04,21,20,1,0.0476,195748.47,Monthly workforce snapshot
20261001,110101,BU05,13,10,3,0.2308,104170.33,Monthly workforce snapshot
20261001,110102,BU05,18,17,1,0.0556,190245.24,Monthly workforce snapshot
20261001,120201,BU06,9,8,1,0.1111,117932.27,Monthly workforce snapshot
20261101,104001,BU03,10,7,3,0.3,103687.66,Monthly workforce snapshot
20261101,104002,BU03,18,15,3,0.1667,151094.0,Monthly workforce snapshot
20261101,104003,BU03,8,7,1,0.125,98531.02,Monthly workforce snapshot
20261101,104005,BU03,8,7,1,0.125,84892.57,Monthly workforce snapshot
20261101,104017,BU02,10,9,1,0.1,101865.69,Monthly workforce snapshot
20261101,104018,BU06,15,14,1,0.0667,209180.77,Monthly workforce snapshot
20261101,104019,BU03,20,20,0,0.0,214106.67,Monthly workforce snapshot
20261101,104022,BU03,19,17,2,0.1053,149522.2,Monthly workforce snapshot
20261101,104023,BU02,17,17,0,0.0,203701.31,Monthly workforce snapshot
20261101,104026,BU01,8,7,1,0.125,84854.23,Monthly workforce snapshot
20261101,104027,BU02,9,8,1,0.1111,78678.0,Monthly workforce snapshot
20261101,104028,BU03,14,13,1,0.0714,172568.63,Monthly workforce snapshot
20261101,104034,BU03,24,24,0,0.0,314228.4,Monthly workforce snapshot
20261101,109003,BU04,14,14,0,0.0,169705.57,Monthly workforce snapshot
20261101,109004,BU04,19,16,3,0.1579,190402.83,Monthly workforce snapshot
20261101,110101,BU05,16,14,2,0.125,209494.69,Monthly workforce snapshot
20261101,110102,BU05,17,17,0,0.0,182763.6,Monthly workforce snapshot
20261101,120201,BU06,17,16,1,0.0588,147634.4,Monthly workforce snapshot
20261201,104001,BU03,24,24,0,0.0,310476.16,Monthly workforce snapshot
20261201,104002,BU03,15,15,0,0.0,160249.85,Monthly workforce snapshot
20261201,104003,BU03,19,18,1,0.0526,174427.08,Monthly workforce snapshot
20261201,104005,BU03,16,16,0,0.0,141300.48,Monthly workforce snapshot
20261201,104017,BU02,16,16,0,0.0,236026.56,Monthly workforce snapshot
20261201,104018,BU06,24,21,3,0.125,311859.38,Monthly workforce snapshot
20261201,104019,BU03,13,13,0,0.0,142453.78,Monthly workforce snapshot
20261201,104022,BU03,14,14,0,0.0,194115.18,Monthly workforce snapshot
20261201,104023,BU02,16,16,0,0.0,150580.64,Monthly workforce snapshot
20261201,104026,BU01,14,13,1,0.0714,151585.76,Monthly workforce snapshot
20261201,104027,BU02,16,15,1,0.0625,213076.95,Monthly workforce snapshot
20261201,104028,BU03,12,9,3,0.25,112237.05,Monthly workforce snapshot
20261201,104034,BU03,11,11,0,0.0,101241.76,Monthly workforce snapshot
20261201,109003,BU04,13,12,1,0.0769,127144.64,Monthly workforce snapshot
20261201,109004,BU04,8,7,1,0.125,84154.05,Monthly workforce snapshot
20261201,110101,BU05,13,12,1,0.0769,108094.52,Monthly workforce snapshot
20261201,110102,BU05,22,21,1,0.0455,246791.93,Monthly workforce snapshot
20261201,120201,BU06,13,11,2,0.1538,159052.63,Monthly workforce snapshot
